league_key,season,draft_id,overall_order,nomination_number,player_name,sleeper_player_id,position,winning_roster_id,winning_manager_id,winning_manager_name,winning_price,record_type,modeled_market_value,app_do_not_exceed,notes,source_row
bishop_sycamore,2025,1256493132464260096,71,71,DJ Moore,4983,WR,5,Bishop_Zach,Tally,57,auction_sale,,,,72
bishop_sycamore,2025,1256493132464260096,72,72,David Montgomery,5892,RB,9,Bishop_Pete,LIGMA,63,auction_sale,,,,73
bishop_sycamore,2025,1256493132464260096,73,73,Jalen Hurts,6904,QB,9,Bishop_Pete,LIGMA,36,auction_sale,,,,74
bishop_sycamore,2025,1256493132464260096,74,74,Joe Burrow,6770,QB,10,Bishop_Brandon,Lol Fuck This Sport,69,auction_sale,,,,75
bishop_sycamore,2025,1256493132464260096,75,75,Terry McLaurin,5927,WR,1,Bishop_Derek,Super Ja‚ÄôMARRio Bros,105,auction_sale,,,,76
bishop_sycamore,2025,1256493132464260096,76,76,Brian Robinson,8154,RB,2,Bishop_Troy,Redneck cop,27,auction_sale,,,,77
bishop_sycamore,2025,1256493132464260096,77,77,RJ Harvey,12489,RB,10,Bishop_Brandon,Lol Fuck This Sport,76,auction_sale,,,,78
bishop_sycamore,2025,1256493132464260096,78,78,DK Metcalf,5846,WR,5,Bishop_Zach,Tally,75,auction_sale,,,,79
bishop_sycamore,2025,1256493132464260096,79,79,Cooper Kupp,4039,WR,9,Bishop_Pete,LIGMA,40,auction_sale,,,,80
bishop_sycamore,2025,1256493132464260096,80,80,D'Andre Swift,6790,RB,5,Bishop_Zach,Tally,82,auction_sale,,,,81
bishop_sycamore,2025,1256493132464260096,81,81,Travis Kelce,1466,TE,12,Bishop_Cosey,Jcoz15,20,auction_sale,,,,82
bishop_sycamore,2025,1256493132464260096,82,82,Travis Hunter,12530,WR,9,Bishop_Pete,LIGMA,1,auction_sale,,,,83
bishop_sycamore,2025,1256493132464260096,83,83,Ashton Jeanty,12527,RB,1,Bishop_Derek,Super Ja‚ÄôMARRio Bros,1,auction_sale,,,,84
bishop_sycamore,2025,1256493132464260096,84,84,Tyler Warren,12518,TE,2,Bishop_Troy,Redneck cop,1,auction_sale,,,,85
bishop_sycamore,2025,1256493132464260096,85,85,Kaleb Johnson,12504,RB,2,Bishop_Troy,Redneck cop,1,auction_sale,,,,86
bishop_sycamore,2025,1256493132464260096,86,86,TreVeyon Henderson,12529,RB,3,Bishop_Fritz,Time to Throw a Dart-y,1,auction_sale,,,,87
bishop_sycamore,2025,1256493132464260096,87,87,Matthew Golden,12501,WR,3,Bishop_Fritz,Time to Throw a Dart-y,1,auction_sale,,,,88
bishop_sycamore,2025,1256493132464260096,88,88,Omarion Hampton,12507,RB,4,Bishop_Seth,Protostars,1,auction_sale,,,,89
bishop_sycamore,2025,1256493132464260096,89,89,Emeka Egbuka,12514,WR,4,Bishop_Seth,Protostars,1,auction_sale,,,,90
bishop_sycamore,2025,1256493132464260096,90,90,Mark Andrews,5012,TE,12,Bishop_Cosey,Jcoz15,25,auction_sale,,,,91
bishop_sycamore,2025,1256493132464260096,91,91,Courtland Sutton,5045,WR,3,Bishop_Fritz,Time to Throw a Dart-y,66,auction_sale,,,,92
bishop_sycamore,2025,1256493132464260096,92,92,Stefon Diggs,2449,WR,10,Bishop_Brandon,Lol Fuck This Sport,51,auction_sale,,,,93
bishop_sycamore,2025,1256493132464260096,93,93,Patrick Mahomes,4046,QB,5,Bishop_Zach,Tally,26,auction_sale,,,,94
bishop_sycamore,2025,1256493132464260096,94,94,Jerry Jeudy,6783,WR,10,Bishop_Brandon,Lol Fuck This Sport,53,auction_sale,,,,95
bishop_sycamore,2025,1256493132464260096,95,95,Jordan Mason,8408,RB,6,Bishop_Jaylen,The Fighting Jaylen‚Äôs,41,auction_sale,,,,96
bishop_sycamore,2025,1256493132464260096,96,96,Deebo Samuel,5872,WR,12,Bishop_Cosey,Jcoz15,60,auction_sale,,,,97
bishop_sycamore,2025,1256493132464260096,97,97,Dak Prescott,3294,QB,1,Bishop_Derek,Super Ja‚ÄôMARRio Bros,20,auction_sale,,,,98
bishop_sycamore,2025,1256493132464260096,98,98,Keon Coleman,11637,WR,2,Bishop_Troy,Redneck cop,41,auction_sale,,,,99
bishop_sycamore,2025,1256493132464260096,99,99,Javonte Williams,7588,RB,2,Bishop_Troy,Redneck cop,40,auction_sale,,,,100
bishop_sycamore,2025,1256493132464260096,100,100,Jacory Croskey-Merritt,12533,RB,11,Bishop_Nobs,Likely Baked,56,auction_sale,,,,101
bishop_sycamore,2025,1256493132464260096,101,101,David Njoku,4033,TE,1,Bishop_Derek,Super Ja‚ÄôMARRio Bros,17,auction_sale,,,,102
bishop_sycamore,2025,1256493132464260096,102,102,Tetairoa McMillan,12526,WR,5,Bishop_Zach,Tally,1,auction_sale,,,,103
bishop_sycamore,2025,1256493132464260096,103,103,Jordan Love,6804,QB,3,Bishop_Fritz,Time to Throw a Dart-y,1,auction_sale,,,,104
bishop_sycamore,2025,1256493132464260096,104,104,Drake Maye,11564,QB,10,Bishop_Brandon,Lol Fuck This Sport,8,auction_sale,,,,105
bishop_sycamore,2025,1256493132464260096,105,105,Bo Nix,11563,QB,7,Bishop_Ernest,No knees and a dream,22,auction_sale,,,,106
bishop_sycamore,2025,1256493132464260096,106,106,J.K. Dobbins,6806,RB,12,Bishop_Cosey,Jcoz15,50,auction_sale,,,,107
bishop_sycamore,2025,1256493132464260096,107,107,C.J. Stroud,9758,QB,7,Bishop_Ernest,No knees and a dream,16,auction_sale,,,,108
bishop_sycamore,2025,1256493132464260096,108,108,Tank Bigsby,9225,RB,1,Bishop_Derek,Super Ja‚ÄôMARRio Bros,34,auction_sale,,,,109
bishop_sycamore,2025,1256493132464260096,109,109,Jerome Ford,8143,RB,7,Bishop_Ernest,No knees and a dream,28,auction_sale,,,,110
bishop_sycamore,2025,1256493132464260096,110,110,Evan Engram,4066,TE,4,Bishop_Seth,Protostars,41,auction_sale,,,,111
bishop_sycamore,2025,1256493132464260096,111,111,Tyrone Tracy,11655,RB,6,Bishop_Jaylen,The Fighting Jaylen‚Äôs,41,auction_sale,,,,112
bishop_sycamore,2025,1256493132464260096,112,112,Chris Godwin,4037,WR,7,Bishop_Ernest,No knees and a dream,19,auction_sale,,,,113
bishop_sycamore,2025,1256493132464260096,113,113,Calvin Ridley,4981,WR,4,Bishop_Seth,Protostars,67,auction_sale,,,,114
bishop_sycamore,2025,1256493132464260096,114,114,Kyle Pitts,7553,TE,1,Bishop_Derek,Super Ja‚ÄôMARRio Bros,17,auction_sale,,,,115
bishop_sycamore,2025,1256493132464260096,115,115,Jauan Jennings,7049,WR,1,Bishop_Derek,Super Ja‚ÄôMARRio Bros,17,auction_sale,,,,116
bishop_sycamore,2025,1256493132464260096,116,116,Khalil Shakir,8134,WR,8,Bishop_Ryan,mrhyde02,31,auction_sale,,,,117
bishop_sycamore,2025,1256493132464260096,117,117,Kyler Murray,5849,QB,12,Bishop_Cosey,Jcoz15,27,auction_sale,,,,118
bishop_sycamore,2025,1256493132464260096,118,118,Brock Purdy,8183,QB,2,Bishop_Troy,Redneck cop,15,auction_sale,,,,119
bishop_sycamore,2025,1256493132464260096,119,119,Brandon Aiyuk,6803,WR,6,Bishop_Jaylen,The Fighting Jaylen‚Äôs,19,auction_sale,,,,120
bishop_sycamore,2025,1256493132464260096,120,120,Rhamondre Stevenson,7611,RB,7,Bishop_Ernest,No knees and a dream,15,auction_sale,,,,121
bishop_sycamore,2025,1256493132464260096,121,121,Rashid Shaheed,8676,WR,12,Bishop_Cosey,Jcoz15,23,auction_sale,,,,122
bishop_sycamore,2025,1256493132464260096,122,122,Austin Ekeler,4663,RB,4,Bishop_Seth,Protostars,22,auction_sale,,,,123
bishop_sycamore,2025,1256493132464260096,123,123,Najee Harris,7528,RB,2,Bishop_Troy,Redneck cop,20,auction_sale,,,,124
bishop_sycamore,2025,1256493132464260096,124,124,Jared Goff,3163,QB,6,Bishop_Jaylen,The Fighting Jaylen‚Äôs,16,auction_sale,,,,125
bishop_sycamore,2025,1256493132464260096,125,125,Tucker Kraft,9484,TE,4,Bishop_Seth,Protostars,14,auction_sale,,,,126
bishop_sycamore,2025,1256493132464260096,126,126,Cam Ward,12522,QB,10,Bishop_Brandon,Lol Fuck This Sport,10,auction_sale,,,,127
bishop_sycamore,2025,1256493132464260096,127,127,Christian Kirk,4950,WR,8,Bishop_Ryan,mrhyde02,6,auction_sale,,,,128
bishop_sycamore,2025,1256493132464260096,128,128,Bhayshul Tuten,12490,RB,11,Bishop_Nobs,Likely Baked,30,auction_sale,,,,129
bishop_sycamore,2025,1256493132464260096,129,129,Michael Pittman,6819,WR,8,Bishop_Ryan,mrhyde02,25,auction_sale,,,,130
bishop_sycamore,2025,1256493132464260096,130,130,Isaac Guerendo,11651,RB,9,Bishop_Pete,LIGMA,4,auction_sale,,,,131
bishop_sycamore,2025,1256493132464260096,131,131,Xavier Legette,11626,WR,5,Bishop_Zach,Tally,17,auction_sale,,,,132
bishop_sycamore,2025,1256493132464260096,132,132,Justin Fields,7591,QB,3,Bishop_Fritz,Time to Throw a Dart-y,5,auction_sale,,,,133
bishop_sycamore,2025,1256493132464260096,133,133,Joshua Palmer,7670,WR,12,Bishop_Cosey,Jcoz15,9,auction_sale,,,,134
bishop_sycamore,2025,1256493132464260096,134,134,Denver Broncos,DEN,DEF,6,Bishop_Jaylen,The Fighting Jaylen‚Äôs,9,auction_sale,,,,135
bishop_sycamore,2025,1256493132464260096,135,135,Zach Ertz,1339,TE,9,Bishop_Pete,LIGMA,3,auction_sale,,,,136
bishop_sycamore,2025,1256493132464260096,136,136,Joe Mixon,4018,RB,5,Bishop_Zach,Tally,31,auction_sale,,,,137
bishop_sycamore,2025,1256493132464260096,137,137,Braelon Allen,11576,RB,11,Bishop_Nobs,Likely Baked,36,auction_sale,,,,138
bishop_sycamore,2025,1256493132464260096,138,138,Marvin Mims,9494,WR,1,Bishop_Derek,Super Ja‚ÄôMARRio Bros,12,auction_sale,,,,139
bishop_sycamore,2025,1256493132464260096,139,139,Brashard Smith,12455,RB,9,Bishop_Pete,LIGMA,1,auction_sale,,,,140
bishop_sycamore,2025,1256493132464260096,140,140,Jonnu Smith,4144,TE,9,Bishop_Pete,LIGMA,1,auction_sale,,,,141
bishop_sycamore,2025,1256493132464260096,141,141,Woody Marks,12474,RB,7,Bishop_Ernest,No knees and a dream,25,auction_sale,,,,142
bishop_sycamore,2025,1256493132464260096,142,142,Josh Downs,9500,WR,3,Bishop_Fritz,Time to Throw a Dart-y,20,auction_sale,,,,143
bishop_sycamore,2025,1256493132464260096,143,143,Justin Herbert,6797,QB,4,Bishop_Seth,Protostars,7,auction_sale,,,,144
bishop_sycamore,2025,1256493132464260096,144,144,Marquise Brown,5848,WR,12,Bishop_Cosey,Jcoz15,5,auction_sale,,,,145
bishop_sycamore,2025,1256493132464260096,145,145,Tyler Allgeier,8132,RB,8,Bishop_Ryan,mrhyde02,7,auction_sale,,,,146
bishop_sycamore,2025,1256493132464260096,146,146,Brandon Aubrey,11533,K,1,Bishop_Derek,Super Ja‚ÄôMARRio Bros,5,auction_sale,,,,147
bishop_sycamore,2025,1256493132464260096,147,147,Philadelphia Eagles,PHI,DEF,1,Bishop_Derek,Super Ja‚ÄôMARRio Bros,5,auction_sale,,,,148
bishop_sycamore,2025,1256493132464260096,148,148,Pittsburgh Steelers,PIT,DEF,8,Bishop_Ryan,mrhyde02,3,auction_sale,,,,149
bishop_sycamore,2025,1256493132464260096,149,149,Keenan Allen,1479,WR,11,Bishop_Nobs,Likely Baked,20,auction_sale,,,,150
bishop_sycamore,2025,1256493132464260096,150,150,Adam Thielen,1689,WR,8,Bishop_Ryan,mrhyde02,8,auction_sale,,,,151
bishop_sycamore,2025,1256493132464260096,151,151,Rachaad White,8136,RB,8,Bishop_Ryan,mrhyde02,7,auction_sale,,,,152
bishop_sycamore,2025,1256493132464260096,152,152,Colston Loveland,12517,TE,5,Bishop_Zach,Tally,1,auction_sale,,,,153
bishop_sycamore,2025,1256493132464260096,153,153,Brenton Strange,9480,TE,3,Bishop_Fritz,Time to Throw a Dart-y,4,auction_sale,,,,154
bishop_sycamore,2025,1256493132464260096,154,154,Tyjae Spears,9508,RB,11,Bishop_Nobs,Likely Baked,15,auction_sale,,,,155
bishop_sycamore,2025,1256493132464260096,155,155,Elic Ayomanor,12499,WR,11,Bishop_Nobs,Likely Baked,1,auction_sale,,,,156
bishop_sycamore,2025,1256493132464260096,156,156,Darnell Mooney,7090,WR,8,Bishop_Ryan,mrhyde02,9,auction_sale,,,,157
bishop_sycamore,2025,1256493132464260096,157,157,Dalton Kincaid,10236,TE,7,Bishop_Ernest,No knees and a dream,10,auction_sale,,,,158
bishop_sycamore,2025,1256493132464260096,158,158,Michael Penix,11559,QB,2,Bishop_Troy,Redneck cop,6,auction_sale,,,,159
bishop_sycamore,2025,1256493132464260096,159,159,J.J. McCarthy,11565,QB,11,Bishop_Nobs,Likely Baked,4,auction_sale,,,,160
bishop_sycamore,2025,1256493132464260096,160,160,Jake Ferguson,8110,TE,12,Bishop_Cosey,Jcoz15,7,auction_sale,,,,161
bishop_sycamore,2025,1256493132464260096,161,161,Dallas Goedert,5022,TE,6,Bishop_Jaylen,The Fighting Jaylen‚Äôs,4,auction_sale,,,,162
bishop_sycamore,2025,1256493132464260096,162,162,Green Bay Packers,GB,DEF,2,Bishop_Troy,Redneck cop,4,auction_sale,,,,163
bishop_sycamore,2025,1256493132464260096,163,163,Cedric Tillman,10444,WR,8,Bishop_Ryan,mrhyde02,10,auction_sale,,,,164
bishop_sycamore,2025,1256493132464260096,164,164,Washington Commanders,WAS,DEF,3,Bishop_Fritz,Time to Throw a Dart-y,2,auction_sale,,,,165
bishop_sycamore,2025,1256493132464260096,165,165,Cam Little,11786,K,11,Bishop_Nobs,Likely Baked,2,auction_sale,,,,166
bishop_sycamore,2025,1256493132464260096,166,166,Isaac TeSlaa,12535,WR,10,Bishop_Brandon,Lol Fuck This Sport,21,auction_sale,,,,167
bishop_sycamore,2025,1256493132464260096,167,167,Kareem Hunt,4098,RB,12,Bishop_Cosey,Jcoz15,6,auction_sale,,,,168
bishop_sycamore,2025,1256493132464260096,168,168,Amari Cooper,2309,WR,2,Bishop_Troy,Redneck cop,3,auction_sale,,,,169
bishop_sycamore,2025,1256493132464260096,169,169,Matthew Stafford,421,QB,8,Bishop_Ryan,mrhyde02,1,auction_sale,,,,170
bishop_sycamore,2025,1256493132464260096,170,170,Jalen McMillan,11618,WR,6,Bishop_Jaylen,The Fighting Jaylen‚Äôs,3,auction_sale,,,,171
bishop_sycamore,2025,1256493132464260096,171,171,Blake Corum,11586,RB,1,Bishop_Derek,Super Ja‚ÄôMARRio Bros,8,auction_sale,,,,172
bishop_sycamore,2025,1256493132464260096,172,172,Wan'Dale Robinson,8126,WR,1,Bishop_Derek,Super Ja‚ÄôMARRio Bros,1,auction_sale,,,,173
bishop_sycamore,2025,1256493132464260096,173,173,Keaton Mitchell,9511,RB,8,Bishop_Ryan,mrhyde02,7,auction_sale,,,,174
bishop_sycamore,2025,1256493132464260096,174,174,Will Shipley,11577,RB,10,Bishop_Brandon,Lol Fuck This Sport,8,auction_sale,,,,175
bishop_sycamore,2025,1256493132464260096,175,175,Evan McPherson,7839,K,5,Bishop_Zach,Tally,3,auction_sale,,,,176
bishop_sycamore,2025,1256493132464260096,176,176,DeMario Douglas,9501,WR,4,Bishop_Seth,Protostars,1,auction_sale,,,,177
bishop_sycamore,2025,1256493132464260096,177,177,Trevor Lawrence,7523,QB,3,Bishop_Fritz,Time to Throw a Dart-y,1,auction_sale,,,,178
bishop_sycamore,2025,1256493132464260096,178,178,Kyle Williams,12547,WR,7,Bishop_Ernest,No knees and a dream,10,auction_sale,,,,179
bishop_sycamore,2025,1256493132464260096,179,179,Dont'e Thornton,12541,WR,4,Bishop_Seth,Protostars,7,auction_sale,,,,180
bishop_sycamore,2025,1256493132464260096,180,180,Jaylen Wright,11643,RB,8,Bishop_Ryan,mrhyde02,1,auction_sale,,,,181
bishop_sycamore,2025,1256493132464260096,181,181,Jarquez Hunter,11569,RB,5,Bishop_Zach,Tally,1,auction_sale,,,,182
bishop_sycamore,2025,1256493132464260096,182,182,Isaiah Likely,8131,TE,11,Bishop_Nobs,Likely Baked,3,auction_sale,,,,183
bishop_sycamore,2025,1256493132464260096,183,183,Harrison Butker,4227,K,12,Bishop_Cosey,Jcoz15,1,auction_sale,,,,184
bishop_sycamore,2025,1256493132464260096,184,184,Baltimore Ravens,BAL,DEF,9,Bishop_Pete,LIGMA,1,auction_sale,,,,185
bishop_sycamore,2025,1256493132464260096,185,185,Younghoe Koo,4666,K,2,Bishop_Troy,Redneck cop,1,auction_sale,,,,186
bishop_sycamore,2025,1256493132464260096,186,186,Cameron Dicker,8259,K,4,Bishop_Seth,Protostars,1,auction_sale,,,,187
bishop_sycamore,2025,1256493132464260096,187,187,Roschon Johnson,10235,RB,3,Bishop_Fritz,Time to Throw a Dart-y,1,auction_sale,,,,188
bishop_sycamore,2025,1256493132464260096,188,188,Chris Boswell,1945,K,7,Bishop_Ernest,No knees and a dream,1,auction_sale,,,,189
bishop_sycamore,2025,1256493132464260096,189,189,Romeo Doubs,8121,WR,9,Bishop_Pete,LIGMA,2,auction_sale,,,,190
bishop_sycamore,2025,1256493132464260096,190,190,Jalen Coker,11646,WR,4,Bishop_Seth,Protostars,5,auction_sale,,,,191
bishop_sycamore,2025,1256493132464260096,191,191,Pat Bryant,12492,WR,5,Bishop_Zach,Tally,1,auction_sale,,,,192
bishop_sycamore,2025,1256493132464260096,192,192,Kyle Monangai,12534,RB,11,Bishop_Nobs,Likely Baked,3,auction_sale,,,,193
bishop_sycamore,2025,1256493132464260096,193,193,Tyler Bass,7042,K,12,Bishop_Cosey,Jcoz15,1,auction_sale,,,,194
bishop_sycamore,2025,1256493132464260096,194,194,DJ Giddens,12471,RB,10,Bishop_Brandon,Lol Fuck This Sport,5,auction_sale,,,,195
bishop_sycamore,2025,1256493132464260096,195,195,Quentin Johnston,9754,WR,10,Bishop_Brandon,Lol Fuck This Sport,8,auction_sale,,,,196
bishop_sycamore,2025,1256493132464260096,196,196,Minnesota Vikings,MIN,DEF,4,Bishop_Seth,Protostars,1,auction_sale,,,,197
bishop_sycamore,2025,1256493132464260096,197,197,Kendre Miller,9757,RB,11,Bishop_Nobs,Likely Baked,7,auction_sale,,,,198
bishop_sycamore,2025,1256493132464260096,198,198,Tory Horton,12497,WR,7,Bishop_Ernest,No knees and a dream,3,auction_sale,,,,199
bishop_sycamore,2025,1256493132464260096,199,199,Jalen Milroe,12510,QB,10,Bishop_Brandon,Lol Fuck This Sport,1,auction_sale,,,,200
bishop_sycamore,2025,1256493132464260096,200,200,Pat Freiermuth,7600,TE,6,Bishop_Jaylen,The Fighting Jaylen‚Äôs,1,auction_sale,,,,201
bishop_sycamore,2025,1256493132464260096,201,201,Savion Williams,12482,WR,5,Bishop_Zach,Tally,1,auction_sale,,,,202
bishop_sycamore,2025,1256493132464260096,202,202,Las Vegas Raiders,LV,DEF,11,Bishop_Nobs,Likely Baked,1,auction_sale,,,,203
bishop_sycamore,2025,1256493132464260096,203,203,Jake Bates,11539,K,9,Bishop_Pete,LIGMA,1,auction_sale,,,,204
bishop_sycamore,2025,1256493132464260096,204,204,DeAndre Hopkins,1426,WR,2,Bishop_Troy,Redneck cop,1,auction_sale,,,,205
bishop_sycamore,2025,1256493132464260096,205,205,Justice Hill,5995,RB,3,Bishop_Fritz,Time to Throw a Dart-y,1,auction_sale,,,,206
bishop_sycamore,2025,1256493132464260096,206,206,Houston Texans,HOU,DEF,7,Bishop_Ernest,No knees and a dream,1,auction_sale,,,,207
bishop_sycamore,2025,1256493132464260096,207,207,Tyler Loop,12711,K,10,Bishop_Brandon,Lol Fuck This Sport,1,auction_sale,,,,208
bishop_sycamore,2025,1256493132464260096,208,208,Chase McLaughlin,6650,K,3,Bishop_Fritz,Time to Throw a Dart-y,1,auction_sale,,,,209
bishop_sycamore,2025,1256493132464260096,209,209,AJ Dillon,6828,RB,9,Bishop_Pete,LIGMA,1,auction_sale,,,,210
bishop_sycamore,2025,1256493132464260096,210,210,Tyler Lockett,2374,WR,2,Bishop_Troy,Redneck cop,1,auction_sale,,,,211
bishop_sycamore,2025,1256493132464260096,211,211,Elijah Arroyo,12521,TE,7,Bishop_Ernest,No knees and a dream,1,auction_sale,,,,212
bishop_sycamore,2025,1256493132464260096,212,212,Ka'imi Fairbairn,3451,K,6,Bishop_Jaylen,The Fighting Jaylen‚Äôs,1,auction_sale,,,,213
bishop_sycamore,2025,1256493132464260096,213,213,Alec Pierce,8142,WR,2,Bishop_Troy,Redneck cop,1,auction_sale,,,,214
bishop_sycamore,2025,1256493132464260096,214,214,Mason Taylor,12498,TE,6,Bishop_Jaylen,The Fighting Jaylen‚Äôs,1,auction_sale,,,,215
bishop_sycamore,2025,1256493132464260096,215,215,Troy Franklin,11627,WR,6,Bishop_Jaylen,The Fighting Jaylen‚Äôs,1,auction_sale,,,,216
bishop_sycamore,2025,1256493132464260096,216,216,Jaylin Noel,12536,WR,6,Bishop_Jaylen,The Fighting Jaylen‚Äôs,1,auction_sale,,,,217
bishop_sycamore,2024,1121613183959059968,72,72,Mark Andrews,5012,TE,3,Bishop_Fritz,GuessWhosBackInBusiness,47,auction_sale,,,,289
bishop_sycamore,2024,1121613183959059968,73,73,Marvin Harrison,11628,WR,2,Bishop_Troy,Troy (redneck)(cop),1,auction_sale,,,,290
bishop_sycamore,2024,1121613183959059968,74,74,James Cook,8138,RB,3,Bishop_Fritz,GuessWhosBackInBusiness,96,auction_sale,,,,291
bishop_sycamore,2024,1121613183959059968,75,75,A.J. Brown,5859,WR,1,Bishop_Derek,Super Ja‚ÄôMARRio Bros,191,auction_sale,,,,292
bishop_sycamore,2024,1121613183959059968,76,76,Josh Allen,4984,QB,8,Bishop_Ryan,DTP,64,auction_sale,,,,293
bishop_sycamore,2024,1121613183959059968,77,77,Cooper Kupp,4039,WR,10,Bishop_Brandon,"Sir, my teams updated,sir",89,auction_sale,,,,294
bishop_sycamore,2024,1121613183959059968,78,78,Keenan Allen,1479,WR,12,Bishop_Cosey,Jcoz15,52,auction_sale,,,,295
bishop_sycamore,2024,1121613183959059968,79,79,Brandon Aiyuk,6803,WR,3,Bishop_Fritz,GuessWhosBackInBusiness,103,auction_sale,,,,296
bishop_sycamore,2024,1121613183959059968,80,80,DJ Moore,4983,WR,8,Bishop_Ryan,DTP,103,auction_sale,,,,297
bishop_sycamore,2024,1121613183959059968,81,81,Terry McLaurin,5927,WR,1,Bishop_Derek,Super Ja‚ÄôMARRio Bros,49,auction_sale,,,,298
bishop_sycamore,2024,1121613183959059968,82,82,George Kittle,4217,TE,2,Bishop_Troy,Troy (redneck)(cop),40,auction_sale,,,,299
bishop_sycamore,2024,1121613183959059968,83,83,Austin Ekeler,4663,RB,12,Bishop_Cosey,Jcoz15,47,auction_sale,,,,300
bishop_sycamore,2024,1121613183959059968,84,84,Joe Burrow,6770,QB,1,Bishop_Derek,Super Ja‚ÄôMARRio Bros,35,auction_sale,,,,301
bishop_sycamore,2024,1121613183959059968,85,85,Javonte Williams,7588,RB,4,Bishop_Seth,Business Decisions,51,auction_sale,,,,302
bishop_sycamore,2024,1121613183959059968,86,86,David Montgomery,5892,RB,10,Bishop_Brandon,"Sir, my teams updated,sir",102,auction_sale,,,,303
bishop_sycamore,2024,1121613183959059968,87,87,Xavier Worthy,11624,WR,3,Bishop_Fritz,GuessWhosBackInBusiness,1,auction_sale,,,,304
bishop_sycamore,2024,1121613183959059968,88,88,Malik Nabers,11632,WR,7,Bishop_Ernest,King Henry‚Äôs Crusaders,2,auction_sale,,,,305
bishop_sycamore,2024,1121613183959059968,89,89,Raheem Mostert,2749,RB,7,Bishop_Ernest,King Henry‚Äôs Crusaders,42,auction_sale,,,,306
bishop_sycamore,2024,1121613183959059968,90,90,Jaylen Warren,8228,RB,12,Bishop_Cosey,Jcoz15,48,auction_sale,,,,307
bishop_sycamore,2024,1121613183959059968,91,91,DK Metcalf,5846,WR,6,Bishop_Jaylen,Bills in the 90‚Äôs,72,auction_sale,,,,308
bishop_sycamore,2024,1121613183959059968,92,92,Diontae Johnson,5937,WR,5,Bishop_Zach,Tally,33,auction_sale,,,,309
bishop_sycamore,2024,1121613183959059968,93,93,Christian Watson,8167,WR,1,Bishop_Derek,Super Ja‚ÄôMARRio Bros,30,auction_sale,,,,310
bishop_sycamore,2024,1121613183959059968,94,94,Evan Engram,4066,TE,7,Bishop_Ernest,King Henry‚Äôs Crusaders,30,auction_sale,,,,311
bishop_sycamore,2024,1121613183959059968,95,95,Christian Kirk,4950,WR,4,Bishop_Seth,Business Decisions,34,auction_sale,,,,312
bishop_sycamore,2024,1121613183959059968,96,96,Brian Robinson,8154,RB,5,Bishop_Zach,Tally,56,auction_sale,,,,313
bishop_sycamore,2024,1121613183959059968,97,97,Marquise Brown,5848,WR,11,Bishop_Nobs,Saquon deez nutz,18,auction_sale,,,,314
bishop_sycamore,2024,1121613183959059968,98,98,Michael Pittman,6819,WR,5,Bishop_Zach,Tally,74,auction_sale,,,,315
bishop_sycamore,2024,1121613183959059968,99,99,Keon Coleman,11637,WR,3,Bishop_Fritz,GuessWhosBackInBusiness,1,auction_sale,,,,316
bishop_sycamore,2024,1121613183959059968,100,100,Rome Odunze,11620,WR,9,Bishop_Pete,LIGMA,1,auction_sale,,,,317
bishop_sycamore,2024,1121613183959059968,101,101,Tony Pollard,5967,RB,6,Bishop_Jaylen,Bills in the 90‚Äôs,56,auction_sale,,,,318
bishop_sycamore,2024,1121613183959059968,102,102,Jerry Jeudy,6783,WR,12,Bishop_Cosey,Jcoz15,10,auction_sale,,,,319
bishop_sycamore,2024,1121613183959059968,103,103,DeAndre Hopkins,1426,WR,8,Bishop_Ryan,DTP,16,auction_sale,,,,320
bishop_sycamore,2024,1121613183959059968,104,104,Dak Prescott,3294,QB,6,Bishop_Jaylen,Bills in the 90‚Äôs,20,auction_sale,,,,321
bishop_sycamore,2024,1121613183959059968,105,105,Jahan Dotson,8119,WR,6,Bishop_Jaylen,Bills in the 90‚Äôs,8,auction_sale,,,,322
bishop_sycamore,2024,1121613183959059968,106,106,Brock Purdy,8183,QB,12,Bishop_Cosey,Jcoz15,13,auction_sale,,,,323
bishop_sycamore,2024,1121613183959059968,107,107,David Njoku,4033,TE,5,Bishop_Zach,Tally,21,auction_sale,,,,324
bishop_sycamore,2024,1121613183959059968,108,108,Tyjae Spears,9508,RB,11,Bishop_Nobs,Saquon deez nutz,69,auction_sale,,,,325
bishop_sycamore,2024,1121613183959059968,109,109,Tua Tagovailoa,6768,QB,7,Bishop_Ernest,King Henry‚Äôs Crusaders,7,auction_sale,,,,326
bishop_sycamore,2024,1121613183959059968,110,110,Jameson Williams,8148,WR,5,Bishop_Zach,Tally,28,auction_sale,,,,327
bishop_sycamore,2024,1121613183959059968,111,111,Jerome Ford,8143,RB,7,Bishop_Ernest,King Henry‚Äôs Crusaders,50,auction_sale,,,,328
bishop_sycamore,2024,1121613183959059968,112,112,Ladd McConkey,11635,WR,9,Bishop_Pete,LIGMA,25,auction_sale,,,,329
bishop_sycamore,2024,1121613183959059968,113,113,Devin Singletary,6130,RB,7,Bishop_Ernest,King Henry‚Äôs Crusaders,60,auction_sale,,,,330
bishop_sycamore,2024,1121613183959059968,114,114,Dalton Schultz,5001,TE,9,Bishop_Pete,LIGMA,4,auction_sale,,,,331
bishop_sycamore,2024,1121613183959059968,115,115,Tyler Lockett,2374,WR,8,Bishop_Ryan,DTP,8,auction_sale,,,,332
bishop_sycamore,2024,1121613183959059968,116,116,Gus Edwards,5248,RB,12,Bishop_Cosey,Jcoz15,49,auction_sale,,,,333
bishop_sycamore,2024,1121613183959059968,117,117,Jayden Daniels,11566,QB,1,Bishop_Derek,Super Ja‚ÄôMARRio Bros,16,auction_sale,,,,334
bishop_sycamore,2024,1121613183959059968,118,118,Tyler Allgeier,8132,RB,6,Bishop_Jaylen,Bills in the 90‚Äôs,16,auction_sale,,,,335
bishop_sycamore,2024,1121613183959059968,119,119,Rashid Shaheed,8676,WR,12,Bishop_Cosey,Jcoz15,10,auction_sale,,,,336
bishop_sycamore,2024,1121613183959059968,120,120,Ezekiel Elliott,3164,RB,4,Bishop_Seth,Business Decisions,26,auction_sale,,,,337
bishop_sycamore,2024,1121613183959059968,121,121,T.J. Hockenson,5844,TE,3,Bishop_Fritz,GuessWhosBackInBusiness,9,auction_sale,,,,338
bishop_sycamore,2024,1121613183959059968,122,122,Taysom Hill,4381,TE,9,Bishop_Pete,LIGMA,3,auction_sale,,,,339
bishop_sycamore,2024,1121613183959059968,123,123,Dallas Goedert,5022,TE,11,Bishop_Nobs,Saquon deez nutz,13,auction_sale,,,,340
bishop_sycamore,2024,1121613183959059968,124,124,Cole Kmet,6826,TE,12,Bishop_Cosey,Jcoz15,3,auction_sale,,,,341
bishop_sycamore,2024,1121613183959059968,125,125,Brock Bowers,11604,TE,8,Bishop_Ryan,DTP,1,auction_sale,,,,342
bishop_sycamore,2024,1121613183959059968,126,126,J.K. Dobbins,6806,RB,8,Bishop_Ryan,DTP,34,auction_sale,,,,343
bishop_sycamore,2024,1121613183959059968,127,127,Romeo Doubs,8121,WR,1,Bishop_Derek,Super Ja‚ÄôMARRio Bros,21,auction_sale,,,,344
bishop_sycamore,2024,1121613183959059968,128,128,New York Jets,NYJ,DEF,1,Bishop_Derek,Super Ja‚ÄôMARRio Bros,11,auction_sale,,,,345
bishop_sycamore,2024,1121613183959059968,129,129,Pat Freiermuth,7600,TE,4,Bishop_Seth,Business Decisions,2,auction_sale,,,,346
bishop_sycamore,2024,1121613183959059968,130,130,Jared Goff,3163,QB,4,Bishop_Seth,Business Decisions,13,auction_sale,,,,347
bishop_sycamore,2024,1121613183959059968,131,131,Ty Chandler,8230,RB,4,Bishop_Seth,Business Decisions,27,auction_sale,,,,348
bishop_sycamore,2024,1121613183959059968,132,132,Justin Herbert,6797,QB,9,Bishop_Pete,LIGMA,11,auction_sale,,,,349
bishop_sycamore,2024,1121613183959059968,133,133,Tyrone Tracy,11655,RB,1,Bishop_Derek,Super Ja‚ÄôMARRio Bros,8,auction_sale,,,,350
bishop_sycamore,2024,1121613183959059968,134,134,Justin Tucker,1264,K,12,Bishop_Cosey,Jcoz15,10,auction_sale,,,,351
bishop_sycamore,2024,1121613183959059968,135,135,Isaiah Likely,8131,TE,11,Bishop_Nobs,Saquon deez nutz,13,auction_sale,,,,352
bishop_sycamore,2024,1121613183959059968,136,136,San Francisco 49ers,SF,DEF,12,Bishop_Cosey,Jcoz15,14,auction_sale,,,,353
bishop_sycamore,2024,1121613183959059968,137,137,Brandin Cooks,2197,WR,11,Bishop_Nobs,Saquon deez nutz,4,auction_sale,,,,354
bishop_sycamore,2024,1121613183959059968,138,138,Chuba Hubbard,7594,RB,4,Bishop_Seth,Business Decisions,21,auction_sale,,,,355
bishop_sycamore,2024,1121613183959059968,139,139,Josh Downs,9500,WR,7,Bishop_Ernest,King Henry‚Äôs Crusaders,9,auction_sale,,,,356
bishop_sycamore,2024,1121613183959059968,140,140,Baltimore Ravens,BAL,DEF,2,Bishop_Troy,Troy (redneck)(cop),8,auction_sale,,,,357
bishop_sycamore,2024,1121613183959059968,141,141,Harrison Butker,4227,K,11,Bishop_Nobs,Saquon deez nutz,7,auction_sale,,,,358
bishop_sycamore,2024,1121613183959059968,142,142,Jaleel McLaughlin,11439,RB,1,Bishop_Derek,Super Ja‚ÄôMARRio Bros,13,auction_sale,,,,359
bishop_sycamore,2024,1121613183959059968,143,143,Darnell Mooney,7090,WR,4,Bishop_Seth,Business Decisions,5,auction_sale,,,,360
bishop_sycamore,2024,1121613183959059968,144,144,Brandon Aubrey,11533,K,1,Bishop_Derek,Super Ja‚ÄôMARRio Bros,7,auction_sale,,,,361
bishop_sycamore,2024,1121613183959059968,145,145,Luke McCaffrey,11650,WR,9,Bishop_Pete,LIGMA,7,auction_sale,,,,362
bishop_sycamore,2024,1121613183959059968,146,146,Evan McPherson,7839,K,3,Bishop_Fritz,GuessWhosBackInBusiness,4,auction_sale,,,,363
bishop_sycamore,2024,1121613183959059968,147,147,Baker Mayfield,4892,QB,11,Bishop_Nobs,Saquon deez nutz,1,auction_sale,,,,364
bishop_sycamore,2024,1121613183959059968,148,148,Caleb Williams,11560,QB,12,Bishop_Cosey,Jcoz15,1,auction_sale,,,,365
bishop_sycamore,2024,1121613183959059968,149,149,Trevor Lawrence,7523,QB,9,Bishop_Pete,LIGMA,9,auction_sale,,,,366
bishop_sycamore,2024,1121613183959059968,150,150,Aaron Rodgers,96,QB,2,Bishop_Troy,Troy (redneck)(cop),8,auction_sale,,,,367
bishop_sycamore,2024,1121613183959059968,151,151,Younghoe Koo,4666,K,4,Bishop_Seth,Business Decisions,2,auction_sale,,,,368
bishop_sycamore,2024,1121613183959059968,152,152,Tucker Kraft,9484,TE,3,Bishop_Fritz,GuessWhosBackInBusiness,2,auction_sale,,,,369
bishop_sycamore,2024,1121613183959059968,153,153,Adam Thielen,1689,WR,2,Bishop_Troy,Troy (redneck)(cop),2,auction_sale,,,,370
bishop_sycamore,2024,1121613183959059968,154,154,Buffalo Bills,BUF,DEF,3,Bishop_Fritz,GuessWhosBackInBusiness,2,auction_sale,,,,371
bishop_sycamore,2024,1121613183959059968,155,155,Ricky Pearsall,11638,WR,4,Bishop_Seth,Business Decisions,12,auction_sale,,,,372
bishop_sycamore,2024,1121613183959059968,156,156,Jakobi Meyers,5947,WR,11,Bishop_Nobs,Saquon deez nutz,27,auction_sale,,,,373
bishop_sycamore,2024,1121613183959059968,157,157,Jaylen Wright,11643,RB,7,Bishop_Ernest,King Henry‚Äôs Crusaders,13,auction_sale,,,,374
bishop_sycamore,2024,1121613183959059968,158,158,Ka'imi Fairbairn,3451,K,5,Bishop_Zach,Tally,7,auction_sale,,,,375
bishop_sycamore,2024,1121613183959059968,159,159,Antonio Gibson,6945,RB,11,Bishop_Nobs,Saquon deez nutz,5,auction_sale,,,,376
bishop_sycamore,2024,1121613183959059968,160,160,Blake Corum,11586,RB,12,Bishop_Cosey,Jcoz15,1,auction_sale,,,,377
bishop_sycamore,2024,1121613183959059968,161,161,Dontayvion Wicks,9486,WR,5,Bishop_Zach,Tally,5,auction_sale,,,,378
bishop_sycamore,2024,1121613183959059968,162,162,Khalil Shakir,8134,WR,11,Bishop_Nobs,Saquon deez nutz,14,auction_sale,,,,379
bishop_sycamore,2024,1121613183959059968,163,163,Luke Musgrave,9481,TE,6,Bishop_Jaylen,Bills in the 90‚Äôs,1,auction_sale,,,,380
bishop_sycamore,2024,1121613183959059968,164,164,Greg Dulcich,8172,TE,1,Bishop_Derek,Super Ja‚ÄôMARRio Bros,1,auction_sale,,,,381
bishop_sycamore,2024,1121613183959059968,165,165,Kirk Cousins,1166,QB,8,Bishop_Ryan,DTP,3,auction_sale,,,,382
bishop_sycamore,2024,1121613183959059968,166,166,Matthew Stafford,421,QB,5,Bishop_Zach,Tally,2,auction_sale,,,,383
bishop_sycamore,2024,1121613183959059968,167,167,Kimani Vidal,11647,RB,2,Bishop_Troy,Troy (redneck)(cop),6,auction_sale,,,,384
bishop_sycamore,2024,1121613183959059968,168,168,Elijah Mitchell,7561,RB,2,Bishop_Troy,Troy (redneck)(cop),1,auction_sale,,,,385
bishop_sycamore,2024,1121613183959059968,169,169,Jake Bates,11539,K,3,Bishop_Fritz,GuessWhosBackInBusiness,1,auction_sale,,,,386
bishop_sycamore,2024,1121613183959059968,170,170,Jake Moody,10937,K,10,Bishop_Brandon,"Sir, my teams updated,sir",1,auction_sale,,,,387
bishop_sycamore,2024,1121613183959059968,171,171,Keaton Mitchell,9511,RB,11,Bishop_Nobs,Saquon deez nutz,2,auction_sale,,,,388
bishop_sycamore,2024,1121613183959059968,172,172,Cameron Dicker,8259,K,8,Bishop_Ryan,DTP,1,auction_sale,,,,389
bishop_sycamore,2024,1121613183959059968,173,173,Mike Williams,4068,WR,9,Bishop_Pete,LIGMA,3,auction_sale,,,,390
bishop_sycamore,2024,1121613183959059968,174,174,Kendre Miller,9757,RB,9,Bishop_Pete,LIGMA,5,auction_sale,,,,391
bishop_sycamore,2024,1121613183959059968,175,175,Deshaun Watson,4017,QB,1,Bishop_Derek,Super Ja‚ÄôMARRio Bros,1,auction_sale,,,,392
bishop_sycamore,2024,1121613183959059968,176,176,Pittsburgh Steelers,PIT,DEF,9,Bishop_Pete,LIGMA,3,auction_sale,,,,393
bishop_sycamore,2024,1121613183959059968,177,177,Khalil Herbert,7608,RB,7,Bishop_Ernest,King Henry‚Äôs Crusaders,3,auction_sale,,,,394
bishop_sycamore,2024,1121613183959059968,178,178,Ray Davis,11575,RB,5,Bishop_Zach,Tally,5,auction_sale,,,,395
bishop_sycamore,2024,1121613183959059968,179,179,Dameon Pierce,8129,RB,9,Bishop_Pete,LIGMA,2,auction_sale,,,,396
bishop_sycamore,2024,1121613183959059968,180,180,Quentin Johnston,9754,WR,5,Bishop_Zach,Tally,3,auction_sale,,,,397
bishop_sycamore,2024,1121613183959059968,181,181,Jordan Mason,8408,RB,6,Bishop_Jaylen,Bills in the 90‚Äôs,3,auction_sale,,,,398
bishop_sycamore,2024,1121613183959059968,182,182,Justice Hill,5995,RB,3,Bishop_Fritz,GuessWhosBackInBusiness,2,auction_sale,,,,399
bishop_sycamore,2024,1121613183959059968,183,183,Trey Sermon,7593,RB,3,Bishop_Fritz,GuessWhosBackInBusiness,1,auction_sale,,,,400
bishop_sycamore,2024,1121613183959059968,184,184,Kansas City Chiefs,KC,DEF,4,Bishop_Seth,Business Decisions,2,auction_sale,,,,401
bishop_sycamore,2024,1121613183959059968,185,185,Dallas Cowboys,DAL,DEF,11,Bishop_Nobs,Saquon deez nutz,13,auction_sale,,,,402
bishop_sycamore,2024,1121613183959059968,186,186,Cleveland Browns,CLE,DEF,6,Bishop_Jaylen,Bills in the 90‚Äôs,2,auction_sale,,,,403
bishop_sycamore,2024,1121613183959059968,187,187,Jake Elliott,4195,K,7,Bishop_Ernest,King Henry‚Äôs Crusaders,2,auction_sale,,,,404
bishop_sycamore,2024,1121613183959059968,188,188,Javon Baker,11645,WR,6,Bishop_Jaylen,Bills in the 90‚Äôs,1,auction_sale,,,,405
bishop_sycamore,2024,1121613183959059968,189,189,Philadelphia Eagles,PHI,DEF,8,Bishop_Ryan,DTP,1,auction_sale,,,,406
bishop_sycamore,2024,1121613183959059968,190,190,Houston Texans,HOU,DEF,7,Bishop_Ernest,King Henry‚Äôs Crusaders,1,auction_sale,,,,407
bishop_sycamore,2024,1121613183959059968,191,191,Michael Wilson,10232,WR,7,Bishop_Ernest,King Henry‚Äôs Crusaders,2,auction_sale,,,,408
bishop_sycamore,2024,1121613183959059968,192,192,AJ Dillon,6828,RB,2,Bishop_Troy,Troy (redneck)(cop),1,auction_sale,,,,409
bishop_sycamore,2024,1121613183959059968,193,193,Miami Dolphins,MIA,DEF,10,Bishop_Brandon,"Sir, my teams updated,sir",1,auction_sale,,,,410
bishop_sycamore,2024,1121613183959059968,194,194,Tyler Bass,7042,K,9,Bishop_Pete,LIGMA,1,auction_sale,,,,411
bishop_sycamore,2024,1121613183959059968,195,195,Drake Maye,11564,QB,6,Bishop_Jaylen,Bills in the 90‚Äôs,1,auction_sale,,,,412
bishop_sycamore,2024,1121613183959059968,196,196,Chris Rodriguez,10219,RB,5,Bishop_Zach,Tally,1,auction_sale,,,,413
bishop_sycamore,2024,1121613183959059968,197,197,Ben Sinnott,11596,TE,4,Bishop_Seth,Business Decisions,1,auction_sale,,,,414
bishop_sycamore,2024,1121613183959059968,198,198,DJ Chark,4951,WR,2,Bishop_Troy,Troy (redneck)(cop),1,auction_sale,,,,415
bishop_sycamore,2024,1121613183959059968,199,199,Roman Wilson,11630,WR,10,Bishop_Brandon,"Sir, my teams updated,sir",1,auction_sale,,,,416
bishop_sycamore,2024,1121613183959059968,200,200,Miles Sanders,6151,RB,8,Bishop_Ryan,DTP,1,auction_sale,,,,417
bishop_sycamore,2024,1121613183959059968,201,201,Jalen Tolbert,8117,WR,6,Bishop_Jaylen,Bills in the 90‚Äôs,1,auction_sale,,,,418
bishop_sycamore,2024,1121613183959059968,202,202,New Orleans Saints,NO,DEF,5,Bishop_Zach,Tally,1,auction_sale,,,,419
bishop_sycamore,2024,1121613183959059968,203,203,Matt Gay,6083,K,2,Bishop_Troy,Troy (redneck)(cop),1,auction_sale,,,,420
bishop_sycamore,2024,1121613183959059968,204,204,Rashod Bateman,7571,WR,10,Bishop_Brandon,"Sir, my teams updated,sir",1,auction_sale,,,,421
bishop_sycamore,2024,1121613183959059968,205,205,Samaje Perine,4147,RB,8,Bishop_Ryan,DTP,1,auction_sale,,,,422
bishop_sycamore,2024,1121613183959059968,206,206,Tank Bigsby,9225,RB,6,Bishop_Jaylen,Bills in the 90‚Äôs,1,auction_sale,,,,423
bishop_sycamore,2024,1121613183959059968,207,207,Clyde Edwards-Helaire,6820,RB,2,Bishop_Troy,Troy (redneck)(cop),1,auction_sale,,,,424
bishop_sycamore,2024,1121613183959059968,208,208,Will Shipley,11577,RB,10,Bishop_Brandon,"Sir, my teams updated,sir",1,auction_sale,,,,425
bishop_sycamore,2024,1121613183959059968,209,209,Michael Mayer,9482,TE,10,Bishop_Brandon,"Sir, my teams updated,sir",1,auction_sale,,,,426
bishop_sycamore,2024,1121613183959059968,210,210,Will Levis,9999,QB,10,Bishop_Brandon,"Sir, my teams updated,sir",1,auction_sale,,,,427
bishop_sycamore,2024,1121613183959059968,211,211,Deuce Vaughn,9505,RB,8,Bishop_Ryan,DTP,1,auction_sale,,,,428
bishop_sycamore,2024,1121613183959059968,212,212,Tyler Boyd,3225,WR,2,Bishop_Troy,Troy (redneck)(cop),1,auction_sale,,,,429
bishop_sycamore,2024,1121613183959059968,213,213,Odell Beckham,2078,WR,2,Bishop_Troy,Troy (redneck)(cop),1,auction_sale,,,,430
bishop_sycamore,2024,1121613183959059968,214,214,Roschon Johnson,10235,RB,10,Bishop_Brandon,"Sir, my teams updated,sir",1,auction_sale,,,,431
bishop_sycamore,2024,1121613183959059968,215,215,Kenny Gainwell,7567,RB,10,Bishop_Brandon,"Sir, my teams updated,sir",1,auction_sale,,,,432
bishop_sycamore,2024,1121613183959059968,216,216,Jamaal Williams,4149,RB,10,Bishop_Brandon,"Sir, my teams updated,sir",1,auction_sale,,,,433
bishop_sycamore,2023,979948842298760960,61,61,Tank Bigsby,9225,RB,3,Bishop_Fritz,Fritz (Whore),-1,auction_sale,,,,494
bishop_sycamore,2023,979948842298760960,62,62,Quentin Johnston,9754,WR,1,Bishop_Derek,Super Ja‚ÄôMARRio Bros,1,auction_sale,,,,495
bishop_sycamore,2023,979948842298760960,63,63,Jaxon Smith-Njigba,9488,WR,1,Bishop_Derek,Super Ja‚ÄôMARRio Bros,-1,auction_sale,,,,496
bishop_sycamore,2023,979948842298760960,64,64,Bijan Robinson,9509,RB,12,Bishop_Cosey,Jcoz15,1,auction_sale,,,,497
bishop_sycamore,2023,979948842298760960,65,65,Zach Charbonnet,9753,RB,6,Bishop_Jaylen,The Bill‚Äôs in the 90‚Äôs,1,auction_sale,,,,498
bishop_sycamore,2023,979948842298760960,66,66,Bryce Young,9228,QB,5,Bishop_Zach,Tally üèÜ,1,auction_sale,,,,499
bishop_sycamore,2023,979948842298760960,67,67,Ty Chandler,8230,RB,2,Bishop_Troy,Troy (redneck)(cop),1,auction_sale,,,,500
bishop_sycamore,2023,979948842298760960,68,68,Jalin Hyatt,9497,WR,8,Bishop_Ryan,DTP,1,auction_sale,,,,501
bishop_sycamore,2023,979948842298760960,69,69,Josh Downs,9500,WR,8,Bishop_Ryan,DTP,-1,auction_sale,,,,502
bishop_sycamore,2023,979948842298760960,70,70,Josh Allen,4984,QB,10,Bishop_Brandon,Utah Soakers,64,auction_sale,,,,503
bishop_sycamore,2023,979948842298760960,71,71,Deshaun Watson,4017,QB,8,Bishop_Ryan,DTP,21,auction_sale,,,,504
bishop_sycamore,2023,979948842298760960,72,72,Lamar Jackson,4881,QB,3,Bishop_Fritz,Fritz (Whore),46,auction_sale,,,,505
bishop_sycamore,2023,979948842298760960,73,73,Jonathan Taylor,6813,RB,9,Bishop_Pete,LIGMA,52,auction_sale,,,,506
bishop_sycamore,2023,979948842298760960,74,74,A.J. Brown,5859,WR,9,Bishop_Pete,LIGMA,190,auction_sale,,,,507
bishop_sycamore,2023,979948842298760960,75,75,Darren Waller,2505,TE,12,Bishop_Cosey,Jcoz15,55,auction_sale,,,,508
bishop_sycamore,2023,979948842298760960,76,76,Jahmyr Gibbs,9221,RB,9,Bishop_Pete,LIGMA,1,auction_sale,,,,509
bishop_sycamore,2023,979948842298760960,77,77,DJ Moore,4983,WR,1,Bishop_Derek,Super Ja‚ÄôMARRio Bros,65,auction_sale,,,,510
bishop_sycamore,2023,979948842298760960,78,78,Joe Burrow,6770,QB,12,Bishop_Cosey,Jcoz15,57,auction_sale,,,,511
bishop_sycamore,2023,979948842298760960,79,79,Dallas Goedert,5022,TE,4,Bishop_Seth,Salt of the Earth,42,auction_sale,,,,512
bishop_sycamore,2023,979948842298760960,80,80,Trevor Lawrence,7523,QB,12,Bishop_Cosey,Jcoz15,50,auction_sale,,,,513
bishop_sycamore,2023,979948842298760960,81,81,DK Metcalf,5846,WR,3,Bishop_Fritz,Fritz (Whore),89,auction_sale,,,,514
bishop_sycamore,2023,979948842298760960,82,82,Michael Pittman,6819,WR,1,Bishop_Derek,Super Ja‚ÄôMARRio Bros,55,auction_sale,,,,515
bishop_sycamore,2023,979948842298760960,83,83,Keenan Allen,1479,WR,8,Bishop_Ryan,DTP,95,auction_sale,,,,516
bishop_sycamore,2023,979948842298760960,84,84,Terry McLaurin,5927,WR,7,Bishop_Ernest,Mr. Irrelevant,52,auction_sale,,,,517
bishop_sycamore,2023,979948842298760960,85,85,Justin Herbert,6797,QB,7,Bishop_Ernest,Mr. Irrelevant,62,auction_sale,,,,518
bishop_sycamore,2023,979948842298760960,86,86,Mike Williams,4068,WR,3,Bishop_Fritz,Fritz (Whore),72,auction_sale,,,,519
bishop_sycamore,2023,979948842298760960,87,87,Diontae Johnson,5937,WR,1,Bishop_Derek,Super Ja‚ÄôMARRio Bros,65,auction_sale,,,,520
bishop_sycamore,2023,979948842298760960,88,88,Dak Prescott,3294,QB,5,Bishop_Zach,Tally üèÜ,30,auction_sale,,,,521
bishop_sycamore,2023,979948842298760960,89,89,D'Andre Swift,6790,RB,2,Bishop_Troy,Troy (redneck)(cop),66,auction_sale,,,,522
bishop_sycamore,2023,979948842298760960,90,90,Chris Godwin,4037,WR,11,Bishop_Redden,zacurry333,44,auction_sale,,,,523
bishop_sycamore,2023,979948842298760960,91,91,David Montgomery,5892,RB,9,Bishop_Pete,LIGMA,77,auction_sale,,,,524
bishop_sycamore,2023,979948842298760960,92,92,Javonte Williams,7588,RB,3,Bishop_Fritz,Fritz (Whore),105,auction_sale,,,,525
bishop_sycamore,2023,979948842298760960,93,93,Mike Evans,2216,WR,10,Bishop_Brandon,Utah Soakers,54,auction_sale,,,,526
bishop_sycamore,2023,979948842298760960,94,94,Evan Engram,4066,TE,2,Bishop_Troy,Troy (redneck)(cop),41,auction_sale,,,,527
bishop_sycamore,2023,979948842298760960,95,95,AJ Dillon,6828,RB,12,Bishop_Cosey,Jcoz15,51,auction_sale,,,,528
bishop_sycamore,2023,979948842298760960,96,96,Tyler Allgeier,8132,RB,6,Bishop_Jaylen,The Bill‚Äôs in the 90‚Äôs,30,auction_sale,,,,529
bishop_sycamore,2023,979948842298760960,97,97,Aaron Rodgers,96,QB,9,Bishop_Pete,LIGMA,11,auction_sale,,,,530
bishop_sycamore,2023,979948842298760960,98,98,Ezekiel Elliott,3164,RB,12,Bishop_Cosey,Jcoz15,19,auction_sale,,,,531
bishop_sycamore,2023,979948842298760960,99,99,Antonio Gibson,6945,RB,6,Bishop_Jaylen,The Bill‚Äôs in the 90‚Äôs,58,auction_sale,,,,532
bishop_sycamore,2023,979948842298760960,100,100,Tua Tagovailoa,6768,QB,2,Bishop_Troy,Troy (redneck)(cop),36,auction_sale,,,,533
bishop_sycamore,2023,979948842298760960,101,101,Kirk Cousins,1166,QB,4,Bishop_Seth,Salt of the Earth,10,auction_sale,,,,534
bishop_sycamore,2023,979948842298760960,102,102,Christian Kirk,4950,WR,4,Bishop_Seth,Salt of the Earth,72,auction_sale,,,,535
bishop_sycamore,2023,979948842298760960,103,103,Jerry Jeudy,6783,WR,10,Bishop_Brandon,Utah Soakers,61,auction_sale,,,,536
bishop_sycamore,2023,979948842298760960,104,104,Michael Thomas,3199,WR,11,Bishop_Redden,zacurry333,30,auction_sale,,,,537
bishop_sycamore,2023,979948842298760960,105,105,Pat Freiermuth,7600,TE,6,Bishop_Jaylen,The Bill‚Äôs in the 90‚Äôs,36,auction_sale,,,,538
bishop_sycamore,2023,979948842298760960,106,106,Tyler Lockett,2374,WR,11,Bishop_Redden,zacurry333,100,auction_sale,,,,539
bishop_sycamore,2023,979948842298760960,107,107,Marquise Brown,5848,WR,4,Bishop_Seth,Salt of the Earth,48,auction_sale,,,,540
bishop_sycamore,2023,979948842298760960,108,108,Anthony Richardson,9229,QB,1,Bishop_Derek,Super Ja‚ÄôMARRio Bros,22,auction_sale,,,,541
bishop_sycamore,2023,979948842298760960,109,109,Brandin Cooks,2197,WR,5,Bishop_Zach,Tally üèÜ,40,auction_sale,,,,542
bishop_sycamore,2023,979948842298760960,110,110,Jaylen Warren,8228,RB,2,Bishop_Troy,Troy (redneck)(cop),29,auction_sale,,,,543
bishop_sycamore,2023,979948842298760960,111,111,JuJu Smith-Schuster,4040,WR,5,Bishop_Zach,Tally üèÜ,13,auction_sale,,,,544
bishop_sycamore,2023,979948842298760960,112,112,Gabe Davis,6943,WR,7,Bishop_Ernest,Mr. Irrelevant,35,auction_sale,,,,545
bishop_sycamore,2023,979948842298760960,113,113,Kadarius Toney,7606,WR,8,Bishop_Ryan,DTP,30,auction_sale,,,,546
bishop_sycamore,2023,979948842298760960,114,114,Elijah Mitchell,7561,RB,6,Bishop_Jaylen,The Bill‚Äôs in the 90‚Äôs,18,auction_sale,,,,547
bishop_sycamore,2023,979948842298760960,115,115,David Njoku,4033,TE,11,Bishop_Redden,zacurry333,35,auction_sale,,,,548
bishop_sycamore,2023,979948842298760960,116,116,Michael Wilson,10232,WR,3,Bishop_Fritz,Fritz (Whore),4,auction_sale,,,,549
bishop_sycamore,2023,979948842298760960,117,117,New York Jets,NYJ,DEF,2,Bishop_Troy,Troy (redneck)(cop),8,auction_sale,,,,550
bishop_sycamore,2023,979948842298760960,118,118,Odell Beckham,2078,WR,11,Bishop_Redden,zacurry333,21,auction_sale,,,,551
bishop_sycamore,2023,979948842298760960,119,119,Jamaal Williams,4149,RB,8,Bishop_Ryan,DTP,20,auction_sale,,,,552
bishop_sycamore,2023,979948842298760960,120,120,Geno Smith,1373,QB,4,Bishop_Seth,Salt of the Earth,8,auction_sale,,,,553
bishop_sycamore,2023,979948842298760960,121,121,Courtland Sutton,5045,WR,12,Bishop_Cosey,Jcoz15,38,auction_sale,,,,554
bishop_sycamore,2023,979948842298760960,122,122,Elijah Moore,7596,WR,6,Bishop_Jaylen,The Bill‚Äôs in the 90‚Äôs,25,auction_sale,,,,555
bishop_sycamore,2023,979948842298760960,123,123,Samaje Perine,4147,RB,5,Bishop_Zach,Tally üèÜ,31,auction_sale,,,,556
bishop_sycamore,2023,979948842298760960,124,124,Skyy Moore,8168,WR,5,Bishop_Zach,Tally üèÜ,20,auction_sale,,,,557
bishop_sycamore,2023,979948842298760960,125,125,Marvin Mims,9494,WR,10,Bishop_Brandon,Utah Soakers,19,auction_sale,,,,558
bishop_sycamore,2023,979948842298760960,126,126,Allen Lazard,5185,WR,9,Bishop_Pete,LIGMA,8,auction_sale,,,,559
bishop_sycamore,2023,979948842298760960,127,127,Dalton Kincaid,10236,TE,4,Bishop_Seth,Salt of the Earth,27,auction_sale,,,,560
bishop_sycamore,2023,979948842298760960,128,128,Evan McPherson,7839,K,1,Bishop_Derek,Super Ja‚ÄôMARRio Bros,5,auction_sale,,,,561
bishop_sycamore,2023,979948842298760960,129,129,Dallas Cowboys,DAL,DEF,6,Bishop_Jaylen,The Bill‚Äôs in the 90‚Äôs,11,auction_sale,,,,562
bishop_sycamore,2023,979948842298760960,130,130,Rashaad Penny,4985,RB,6,Bishop_Jaylen,The Bill‚Äôs in the 90‚Äôs,26,auction_sale,,,,563
bishop_sycamore,2023,979948842298760960,131,131,Daniel Jones,5870,QB,10,Bishop_Brandon,Utah Soakers,3,auction_sale,,,,564
bishop_sycamore,2023,979948842298760960,132,132,Rashod Bateman,7571,WR,7,Bishop_Ernest,Mr. Irrelevant,35,auction_sale,,,,565
bishop_sycamore,2023,979948842298760960,133,133,Dalton Schultz,5001,TE,11,Bishop_Redden,zacurry333,4,auction_sale,,,,566
bishop_sycamore,2023,979948842298760960,134,134,Jerick McKinnon,2161,RB,5,Bishop_Zach,Tally üèÜ,13,auction_sale,,,,567
bishop_sycamore,2023,979948842298760960,135,135,Brock Purdy,8183,QB,3,Bishop_Fritz,Fritz (Whore),2,auction_sale,,,,568
bishop_sycamore,2023,979948842298760960,136,136,Treylon Burks,8135,WR,4,Bishop_Seth,Salt of the Earth,28,auction_sale,,,,569
bishop_sycamore,2023,979948842298760960,137,137,Sam LaPorta,10859,TE,8,Bishop_Ryan,DTP,19,auction_sale,,,,570
bishop_sycamore,2023,979948842298760960,138,138,Greg Dulcich,8172,TE,1,Bishop_Derek,Super Ja‚ÄôMARRio Bros,13,auction_sale,,,,571
bishop_sycamore,2023,979948842298760960,139,139,Luke Musgrave,9481,TE,12,Bishop_Cosey,Jcoz15,15,auction_sale,,,,572
bishop_sycamore,2023,979948842298760960,140,140,Cole Kmet,6826,TE,9,Bishop_Pete,LIGMA,3,auction_sale,,,,573
bishop_sycamore,2023,979948842298760960,141,141,Jared Goff,3163,QB,9,Bishop_Pete,LIGMA,2,auction_sale,,,,574
bishop_sycamore,2023,979948842298760960,142,142,Damien Harris,5890,RB,5,Bishop_Zach,Tally üèÜ,9,auction_sale,,,,575
bishop_sycamore,2023,979948842298760960,143,143,Michael Gallup,5038,WR,9,Bishop_Pete,LIGMA,6,auction_sale,,,,576
bishop_sycamore,2023,979948842298760960,144,144,Adam Thielen,1689,WR,12,Bishop_Cosey,Jcoz15,9,auction_sale,,,,577
bishop_sycamore,2023,979948842298760960,145,145,Raheem Mostert,2749,RB,8,Bishop_Ryan,DTP,36,auction_sale,,,,578
bishop_sycamore,2023,979948842298760960,146,146,San Francisco 49ers,SF,DEF,1,Bishop_Derek,Super Ja‚ÄôMARRio Bros,8,auction_sale,,,,579
bishop_sycamore,2023,979948842298760960,147,147,Russell Wilson,1234,QB,1,Bishop_Derek,Super Ja‚ÄôMARRio Bros,2,auction_sale,,,,580
bishop_sycamore,2023,979948842298760960,148,148,Miami Dolphins,MIA,DEF,8,Bishop_Ryan,DTP,3,auction_sale,,,,581
bishop_sycamore,2023,979948842298760960,149,149,Justin Tucker,1264,K,12,Bishop_Cosey,Jcoz15,5,auction_sale,,,,582
bishop_sycamore,2023,979948842298760960,150,150,Kenny Gainwell,7567,RB,5,Bishop_Zach,Tally üèÜ,20,auction_sale,,,,583
bishop_sycamore,2023,979948842298760960,151,151,Hunter Renfrow,5955,WR,12,Bishop_Cosey,Jcoz15,4,auction_sale,,,,584
bishop_sycamore,2023,979948842298760960,152,152,Harrison Butker,4227,K,5,Bishop_Zach,Tally üèÜ,4,auction_sale,,,,585
bishop_sycamore,2023,979948842298760960,153,153,Kenny Pickett,8160,QB,6,Bishop_Jaylen,The Bill‚Äôs in the 90‚Äôs,1,auction_sale,,,,586
bishop_sycamore,2023,979948842298760960,154,154,Romeo Doubs,8121,WR,1,Bishop_Derek,Super Ja‚ÄôMARRio Bros,9,auction_sale,,,,587
bishop_sycamore,2023,979948842298760960,155,155,Kareem Hunt,4098,RB,1,Bishop_Derek,Super Ja‚ÄôMARRio Bros,7,auction_sale,,,,588
bishop_sycamore,2023,979948842298760960,156,156,DJ Chark,4951,WR,5,Bishop_Zach,Tally üèÜ,5,auction_sale,,,,589
bishop_sycamore,2023,979948842298760960,157,157,Devin Singletary,6130,RB,11,Bishop_Redden,zacurry333,1,auction_sale,,,,590
bishop_sycamore,2023,979948842298760960,158,158,Roschon Johnson,10235,RB,5,Bishop_Zach,Tally üèÜ,20,auction_sale,,,,591
bishop_sycamore,2023,979948842298760960,159,159,Daniel Carlson,5095,K,3,Bishop_Fritz,Fritz (Whore),2,auction_sale,,,,592
bishop_sycamore,2023,979948842298760960,160,160,Tyler Bass,7042,K,4,Bishop_Seth,Salt of the Earth,2,auction_sale,,,,593
bishop_sycamore,2023,979948842298760960,161,161,Chig Okonkwo,8210,TE,10,Bishop_Brandon,Utah Soakers,2,auction_sale,,,,594
bishop_sycamore,2023,979948842298760960,162,162,Gus Edwards,5248,RB,2,Bishop_Troy,Troy (redneck)(cop),3,auction_sale,,,,595
bishop_sycamore,2023,979948842298760960,163,163,New Orleans Saints,NO,DEF,12,Bishop_Cosey,Jcoz15,1,auction_sale,,,,596
bishop_sycamore,2023,979948842298760960,164,164,Jake Elliott,4195,K,10,Bishop_Brandon,Utah Soakers,1,auction_sale,,,,597
bishop_sycamore,2023,979948842298760960,165,165,Jordan Love,6804,QB,6,Bishop_Jaylen,The Bill‚Äôs in the 90‚Äôs,1,auction_sale,,,,598
bishop_sycamore,2023,979948842298760960,166,166,Nico Collins,7569,WR,10,Bishop_Brandon,Utah Soakers,5,auction_sale,,,,599
bishop_sycamore,2023,979948842298760960,167,167,Emanuel Wilson,11435,RB,7,Bishop_Ernest,Mr. Irrelevant,1,auction_sale,,,,600
bishop_sycamore,2023,979948842298760960,168,168,Parris Campbell,5880,WR,5,Bishop_Zach,Tally üèÜ,1,auction_sale,,,,601
bishop_sycamore,2023,979948842298760960,169,169,Clyde Edwards-Helaire,6820,RB,10,Bishop_Brandon,Utah Soakers,5,auction_sale,,,,602
bishop_sycamore,2023,979948842298760960,170,170,Deon Jackson,7551,RB,10,Bishop_Brandon,Utah Soakers,9,auction_sale,,,,603
bishop_sycamore,2023,979948842298760960,171,171,Tyler Boyd,3225,WR,8,Bishop_Ryan,DTP,3,auction_sale,,,,604
bishop_sycamore,2023,979948842298760960,172,172,Kyler Murray,5849,QB,3,Bishop_Fritz,Fritz (Whore),4,auction_sale,,,,605
bishop_sycamore,2023,979948842298760960,173,173,Philadelphia Eagles,PHI,DEF,12,Bishop_Cosey,Jcoz15,13,auction_sale,,,,606
bishop_sycamore,2023,979948842298760960,174,174,Tyjae Spears,9508,RB,4,Bishop_Seth,Salt of the Earth,7,auction_sale,,,,607
bishop_sycamore,2023,979948842298760960,175,175,Pittsburgh Steelers,PIT,DEF,11,Bishop_Redden,zacurry333,2,auction_sale,,,,608
bishop_sycamore,2023,979948842298760960,176,176,C.J. Stroud,9758,QB,7,Bishop_Ernest,Mr. Irrelevant,2,auction_sale,,,,609
bishop_sycamore,2023,979948842298760960,177,177,Van Jefferson,6853,WR,7,Bishop_Ernest,Mr. Irrelevant,2,auction_sale,,,,610
bishop_sycamore,2023,979948842298760960,178,178,Baltimore Ravens,BAL,DEF,3,Bishop_Fritz,Fritz (Whore),2,auction_sale,,,,611
bishop_sycamore,2023,979948842298760960,179,179,Zack Moss,6845,RB,11,Bishop_Redden,zacurry333,3,auction_sale,,,,612
bishop_sycamore,2023,979948842298760960,180,180,D'Onta Foreman,4111,RB,4,Bishop_Seth,Salt of the Earth,5,auction_sale,,,,613
bishop_sycamore,2023,979948842298760960,181,181,Jakobi Meyers,5947,WR,1,Bishop_Derek,Super Ja‚ÄôMARRio Bros,5,auction_sale,,,,614
bishop_sycamore,2023,979948842298760960,182,182,Younghoe Koo,4666,K,11,Bishop_Redden,zacurry333,2,auction_sale,,,,615
bishop_sycamore,2023,979948842298760960,183,183,Jerome Ford,8143,RB,3,Bishop_Fritz,Fritz (Whore),1,auction_sale,,,,616
bishop_sycamore,2023,979948842298760960,184,184,Seattle Seahawks,SEA,DEF,10,Bishop_Brandon,Utah Soakers,1,auction_sale,,,,617
bishop_sycamore,2023,979948842298760960,185,185,Jason Sanders,5119,K,9,Bishop_Pete,LIGMA,1,auction_sale,,,,618
bishop_sycamore,2023,979948842298760960,186,186,Trey Palmer,9492,WR,7,Bishop_Ernest,Mr. Irrelevant,1,auction_sale,,,,619
bishop_sycamore,2023,979948842298760960,187,187,Darnell Mooney,7090,WR,11,Bishop_Redden,zacurry333,1,auction_sale,,,,620
bishop_sycamore,2023,979948842298760960,188,188,Jayden Reed,10222,WR,4,Bishop_Seth,Salt of the Earth,1,auction_sale,,,,621
bishop_sycamore,2023,979948842298760960,189,189,Marquez Valdes-Scantling,5086,WR,2,Bishop_Troy,Troy (redneck)(cop),3,auction_sale,,,,622
bishop_sycamore,2023,979948842298760960,190,190,Juwan Johnson,7002,TE,8,Bishop_Ryan,DTP,1,auction_sale,,,,623
bishop_sycamore,2023,979948842298760960,191,191,Evan Hull,9220,RB,3,Bishop_Fritz,Fritz (Whore),1,auction_sale,,,,624
bishop_sycamore,2023,979948842298760960,192,192,Isaiah Hodgins,6920,WR,10,Bishop_Brandon,Utah Soakers,1,auction_sale,,,,625
bishop_sycamore,2023,979948842298760960,193,193,Tank Dell,9502,WR,8,Bishop_Ryan,DTP,3,auction_sale,,,,626
bishop_sycamore,2023,979948842298760960,194,194,Washington Commanders,WAS,DEF,4,Bishop_Seth,Salt of the Earth,3,auction_sale,,,,627
bishop_sycamore,2023,979948842298760960,195,195,Rondale Moore,7601,WR,11,Bishop_Redden,zacurry333,1,auction_sale,,,,628
bishop_sycamore,2023,979948842298760960,196,196,Puka Nacua,9493,WR,4,Bishop_Seth,Salt of the Earth,1,auction_sale,,,,629
bishop_sycamore,2023,979948842298760960,197,197,Jeff Wilson,5284,RB,8,Bishop_Ryan,DTP,3,auction_sale,,,,630
bishop_sycamore,2023,979948842298760960,198,198,K.J. Osborn,7066,WR,11,Bishop_Redden,zacurry333,2,auction_sale,,,,631
bishop_sycamore,2023,979948842298760960,199,199,Donovan Peoples-Jones,6824,WR,6,Bishop_Jaylen,The Bill‚Äôs in the 90‚Äôs,1,auction_sale,,,,632
bishop_sycamore,2023,979948842298760960,200,200,Tyler Higbee,3271,TE,9,Bishop_Pete,LIGMA,1,auction_sale,,,,633
bishop_sycamore,2023,979948842298760960,201,201,Cordarrelle Patterson,1535,RB,7,Bishop_Ernest,Mr. Irrelevant,1,auction_sale,,,,634
bishop_sycamore,2023,979948842298760960,202,202,Alec Pierce,8142,WR,2,Bishop_Troy,Troy (redneck)(cop),1,auction_sale,,,,635
bishop_sycamore,2023,979948842298760960,203,203,Zay Jones,4080,WR,7,Bishop_Ernest,Mr. Irrelevant,2,auction_sale,,,,636
bishop_sycamore,2023,979948842298760960,204,204,Jake Ferguson,8110,TE,6,Bishop_Jaylen,The Bill‚Äôs in the 90‚Äôs,1,auction_sale,,,,637
bishop_sycamore,2023,979948842298760960,205,205,Tennessee Titans,TEN,DEF,9,Bishop_Pete,LIGMA,1,auction_sale,,,,638
bishop_sycamore,2023,979948842298760960,206,206,Jason Myers,2747,K,7,Bishop_Ernest,Mr. Irrelevant,1,auction_sale,,,,639
bishop_sycamore,2023,979948842298760960,207,207,Brandon McManus,1433,K,2,Bishop_Troy,Troy (redneck)(cop),1,auction_sale,,,,640
bishop_sycamore,2023,979948842298760960,208,208,Chuba Hubbard,7594,RB,10,Bishop_Brandon,Utah Soakers,1,auction_sale,,,,641
bishop_sycamore,2023,979948842298760960,209,209,Joshua Kelley,7045,RB,6,Bishop_Jaylen,The Bill‚Äôs in the 90‚Äôs,1,auction_sale,,,,642
bishop_sycamore,2023,979948842298760960,210,210,Leonard Fournette,3969,RB,9,Bishop_Pete,LIGMA,1,auction_sale,,,,643
bishop_sycamore,2023,979948842298760960,211,211,Irv Smith,6126,TE,7,Bishop_Ernest,Mr. Irrelevant,1,auction_sale,,,,644
bishop_sycamore,2023,979948842298760960,212,212,DeVante Parker,2319,WR,11,Bishop_Redden,zacurry333,2,auction_sale,,,,645
bishop_sycamore,2023,979948842298760960,213,213,Curtis Samuel,4082,WR,2,Bishop_Troy,Troy (redneck)(cop),1,auction_sale,,,,646
bishop_sycamore,2023,979948842298760960,214,214,New England Patriots,NE,DEF,7,Bishop_Ernest,Mr. Irrelevant,1,auction_sale,,,,647
bishop_sycamore,2023,979948842298760960,215,215,Robert Woods,1352,WR,2,Bishop_Troy,Troy (redneck)(cop),1,auction_sale,,,,648
bishop_sycamore,2023,979948842298760960,216,216,Taysom Hill,4381,TE,2,Bishop_Troy,Troy (redneck)(cop),1,auction_sale,,,,649
gdfm,2026,manual::manual_gdpfm_2026::2026,1,1,Kyle Pitts,7553,TE,10,team_10,Mike C.,32,auction_sale,45.15609703313461,14.0,App modeled market value: 45.15609703313461; app do-not-exceed: 14; recorded at: 2026-08-30 00:34:12; source: manual. Entered in GDFM app live draft; nominating manager was not recorded,650
gdfm,2026,manual::manual_gdpfm_2026::2026,2,2,Jaylen Warren,8228,RB,3,team_3,Troy L.,34,auction_sale,48.17491958706976,45.0,App modeled market value: 48.17491958706976; app do-not-exceed: 45; recorded at: 2026-08-30 00:35:56; source: manual. Entered in GDFM app live draft; nominating manager was not recorded,651
gdfm,2026,manual::manual_gdpfm_2026::2026,3,3,Mike Evans,2216,WR,5,team_5,Stephen M.,33,auction_sale,45.33892557743834,31.0,App modeled market value: 45.33892557743834; app do-not-exceed: 31; recorded at: 2026-08-30 00:37:44; source: manual. Entered in GDFM app live draft; nominating manager was not recorded,652
gdfm,2026,manual::manual_gdpfm_2026::2026,4,4,Garrett Wilson,8146,WR,11,team_11,Tara C.,74,auction_sale,128.1596885656872,105.0,App modeled market value: 128.1596885656872; app do-not-exceed: 105; recorded at: 2026-08-30 00:40:33; source: manual. Entered in GDFM app live draft; nominating manager was not recorded,653
gdfm,2026,manual::manual_gdpfm_2026::2026,5,5,DK Metcalf,5846,WR,12,team_12,Ernest C.,16,auction_sale,39.99693848490924,43.0,App modeled market value: 39.99693848490924; app do-not-exceed: 43; recorded at: 2026-08-30 00:42:20; source: manual. Entered in GDFM app live draft; nominating manager was not recorded,654
gdfm,2026,manual::manual_gdpfm_2026::2026,6,6,Davante Adams,2133,WR,7,team_7,Mike S.,90,auction_sale,74.0726133672109,61.0,App modeled market value: 74.0726133672109; app do-not-exceed: 61; recorded at: 2026-08-30 00:44:37; source: manual. Entered in GDFM app live draft; nominating manager was not recorded,655
gdfm,2026,manual::manual_gdpfm_2026::2026,7,7,Stefon Diggs,2449,WR,5,team_5,Stephen M.,31,auction_sale,1.0,1.0,App modeled market value: 1.0; app do-not-exceed: 1; recorded at: 2026-08-30 00:47:48; source: manual. Entered in GDFM app live draft; nominating manager was not recorded,656
gdfm,2026,manual::manual_gdpfm_2026::2026,8,8,Dalton Kincaid,10236,TE,7,team_7,Mike S.,23,auction_sale,12.762803810107341,12.0,App modeled market value: 12.762803810107341; app do-not-exceed: 12; recorded at: 2026-08-30 00:49:16; source: manual. Entered in GDFM app live draft; nominating manager was not recorded,657
gdfm,2026,manual::manual_gdpfm_2026::2026,9,9,Josh Allen,4984,QB,9,team_9,Allen S.,123,auction_sale,180.04686227204718,177.0,App modeled market value: 180.04686227204718; app do-not-exceed: 177; recorded at: 2026-08-30 00:52:23; source: manual. Entered in GDFM app live draft; nominating manager was not recorded,658
gdfm,2026,manual::manual_gdpfm_2026::2026,10,10,Houston Texans,HOU,DEF,12,team_12,Ernest C.,9,auction_sale,1.1161784543781954,1.0,App modeled market value: 1.1161784543781954; app do-not-exceed: 1; recorded at: 2026-08-30 00:55:18; source: manual. Entered in GDFM app live draft; nominating manager was not recorded,659
gdfm,2026,manual::manual_gdpfm_2026::2026,11,11,Joe Burrow,6770,QB,1,team_1,Brandon C.,75,auction_sale,57.9683673170443,57.0,App modeled market value: 57.9683673170443; app do-not-exceed: 57; recorded at: 2026-08-30 00:57:09; source: manual. Entered in GDFM app live draft; nominating manager was not recorded,660
gdfm,2026,manual::manual_gdpfm_2026::2026,12,12,Jalen Hurts,6904,QB,8,team_8,Steve S.,50,auction_sale,76.44862948485398,81.0,App modeled market value: 76.44862948485398; app do-not-exceed: 81; recorded at: 2026-08-30 00:59:01; source: manual. Entered in GDFM app live draft; nominating manager was not recorded,661
gdfm,2026,manual::manual_gdpfm_2026::2026,13,13,Courtland Sutton,5045,WR,12,team_12,Ernest C.,35,auction_sale,37.67903537395909,42.0,App modeled market value: 37.67903537395909; app do-not-exceed: 42; recorded at: 2026-08-30 01:03:32; source: manual. Entered in GDFM app live draft; nominating manager was not recorded,662
gdfm,2026,manual::manual_gdpfm_2026::2026,14,14,D'Andre Swift,6790,RB,12,team_12,Ernest C.,55,auction_sale,109.59265807150504,96.0,App modeled market value: 109.59265807150504; app do-not-exceed: 96; recorded at: 2026-08-30 01:06:01; source: manual. Entered in GDFM app live draft; nominating manager was not recorded,663
gdfm,2026,manual::manual_gdpfm_2026::2026,15,15,Marvin Harrison,11628,WR,5,team_5,Stephen M.,60,auction_sale,60.01803925344384,49.0,App modeled market value: 60.01803925344384; app do-not-exceed: 49; recorded at: 2026-08-30 01:08:17; source: manual. Entered in GDFM app live draft; nominating manager was not recorded,664
gdfm,2026,manual::manual_gdpfm_2026::2026,16,16,Drake Maye,11564,QB,11,team_11,Tara C.,46,auction_sale,106.60297604482614,100.0,App modeled market value: 106.60297604482614; app do-not-exceed: 100; recorded at: 2026-08-30 01:09:33; source: manual. Entered in GDFM app live draft; nominating manager was not recorded,665
gdfm,2026,manual::manual_gdpfm_2026::2026,17,17,Lamar Jackson,4881,QB,12,team_12,Ernest C.,60,auction_sale,110.34582353459075,114.0,App modeled market value: 110.34582353459075; app do-not-exceed: 114; recorded at: 2026-08-30 01:11:20; source: manual. Entered in GDFM app live draft; nominating manager was not recorded,666
gdfm,2026,manual::manual_gdpfm_2026::2026,18,18,George Kittle,4217,TE,8,team_8,Steve S.,50,auction_sale,38.361283830536124,28.0,App modeled market value: 38.361283830536124; app do-not-exceed: 28; recorded at: 2026-08-30 01:14:01; source: manual. Entered in GDFM app live draft; nominating manager was not recorded,667
gdfm,2026,manual::manual_gdpfm_2026::2026,19,19,Sam LaPorta,10859,TE,1,team_1,Brandon C.,15,auction_sale,59.73222872122012,53.0,App modeled market value: 59.73222872122012; app do-not-exceed: 53; recorded at: 2026-08-30 01:16:27; source: manual. Entered in GDFM app live draft; nominating manager was not recorded,668
gdfm,2026,manual::manual_gdpfm_2026::2026,20,20,Khalil Shakir,8134,WR,11,team_11,Tara C.,19,auction_sale,1.435190503956966,1.0,App modeled market value: 1.435190503956966; app do-not-exceed: 1; recorded at: 2026-08-30 01:17:31; source: manual. Entered in GDFM app live draft; nominating manager was not recorded,669
gdfm,2026,manual::manual_gdpfm_2026::2026,21,21,Alvin Kamara,4035,RB,1,team_1,Brandon C.,32,auction_sale,1.0934118044126646,1.0,App modeled market value: 1.0934118044126646; app do-not-exceed: 1; recorded at: 2026-08-30 01:19:16; source: manual. Entered in GDFM app live draft; nominating manager was not recorded,670
gdfm,2026,manual::manual_gdpfm_2026::2026,22,22,Terry McLaurin,5927,WR,9,team_9,Allen S.,69,auction_sale,79.30568288949418,79.0,App modeled market value: 79.30568288949418; app do-not-exceed: 79; recorded at: 2026-08-30 01:21:03; source: manual. Entered in GDFM app live draft; nominating manager was not recorded,671
gdfm,2026,manual::manual_gdpfm_2026::2026,23,23,Jayden Daniels,11566,QB,10,team_10,Mike C.,40,auction_sale,95.56294481130146,115.0,App modeled market value: 95.56294481130146; app do-not-exceed: 115; recorded at: 2026-08-30 01:22:36; source: manual. Entered in GDFM app live draft; nominating manager was not recorded,672
gdfm,2026,manual::manual_gdpfm_2026::2026,24,24,Patrick Mahomes,4046,QB,5,team_5,Stephen M.,31,auction_sale,45.23618572434268,48.0,App modeled market value: 45.23618572434268; app do-not-exceed: 48; recorded at: 2026-08-30 01:24:53; source: manual. Entered in GDFM app live draft; nominating manager was not recorded,673
gdfm,2026,manual::manual_gdpfm_2026::2026,25,25,Kenny Gainwell,7567,RB,2,team_2,Jaylen H.,14,auction_sale,7.596491044534182,7.0,App modeled market value: 7.596491044534182; app do-not-exceed: 7; recorded at: 2026-08-30 01:27:43; source: manual. Entered in GDFM app live draft; nominating manager was not recorded,674
gdfm,2026,manual::manual_gdpfm_2026::2026,26,26,J.K. Dobbins,6806,RB,11,team_11,Tara C.,37,auction_sale,39.38861632461007,36.0,App modeled market value: 39.38861632461007; app do-not-exceed: 36; recorded at: 2026-08-30 01:29:43; source: manual. Entered in GDFM app live draft; nominating manager was not recorded,675
gdfm,2026,manual::manual_gdpfm_2026::2026,27,27,Rico Dowdle,7021,RB,12,team_12,Ernest C.,30,auction_sale,37.68991188074614,37.0,App modeled market value: 37.68991188074614; app do-not-exceed: 37; recorded at: 2026-08-30 01:33:35; source: manual. Entered in GDFM app live draft; nominating manager was not recorded,676
gdfm,2026,manual::manual_gdpfm_2026::2026,28,28,Jameson Williams,8148,WR,3,team_3,Troy L.,80,auction_sale,119.44557081657294,121.0,App modeled market value: 119.44557081657294; app do-not-exceed: 121; recorded at: 2026-08-30 01:35:24; source: manual. Entered in GDFM app live draft; nominating manager was not recorded,677
gdfm,2026,manual::manual_gdpfm_2026::2026,29,29,Dallas Goedert,5022,TE,11,team_11,Tara C.,12,auction_sale,21.744685156855084,21.0,App modeled market value: 21.744685156855084; app do-not-exceed: 21; recorded at: 2026-08-30 01:36:49; source: manual. Entered in GDFM app live draft; nominating manager was not recorded,678
gdfm,2026,manual::manual_gdpfm_2026::2026,30,30,Brandon Aubrey,11533,K,5,team_5,Stephen M.,7,auction_sale,1.1657580158922363,1.0,App modeled market value: 1.1657580158922363; app do-not-exceed: 1; recorded at: 2026-08-30 01:39:27; source: manual. Entered in GDFM app live draft; nominating manager was not recorded,679
gdfm,2026,manual::manual_gdpfm_2026::2026,31,31,Derrick Henry,3198,RB,10,team_10,Mike C.,151,auction_sale,247.05106175810107,95.0,App modeled market value: 247.05106175810107; app do-not-exceed: 95; recorded at: 2026-08-30 01:42:24; source: manual. Entered in GDFM app live draft; nominating manager was not recorded,680
gdfm,2026,manual::manual_gdpfm_2026::2026,32,32,Mark Andrews,5012,TE,2,team_2,Jaylen H.,20,auction_sale,5.522374336118709,5.0,App modeled market value: 5.522374336118709; app do-not-exceed: 5; recorded at: 2026-08-30 01:44:21; source: manual. Entered in GDFM app live draft; nominating manager was not recorded,681
gdfm,2026,manual::manual_gdpfm_2026::2026,33,33,Aaron Jones,4199,RB,10,team_10,Mike C.,9,auction_sale,1.0841273733691452,1.0,App modeled market value: 1.0841273733691452; app do-not-exceed: 1; recorded at: 2026-08-30 01:46:41; source: manual. Entered in GDFM app live draft; nominating manager was not recorded,682
gdfm,2026,manual::manual_gdpfm_2026::2026,34,34,David Montgomery,5892,RB,2,team_2,Jaylen H.,75,auction_sale,91.34198766118,83.0,App modeled market value: 91.34198766118; app do-not-exceed: 83; recorded at: 2026-08-30 01:48:04; source: manual. Entered in GDFM app live draft; nominating manager was not recorded,683
gdfm,2026,manual::manual_gdpfm_2026::2026,35,35,Dak Prescott,3294,QB,4,team_4,Ryan M.,16,auction_sale,27.82726075678079,16.0,App modeled market value: 27.82726075678079; app do-not-exceed: 16; recorded at: 2026-08-30 01:49:23; source: manual. Entered in GDFM app live draft; nominating manager was not recorded,684
gdfm,2026,manual::manual_gdpfm_2026::2026,36,36,Rashid Shaheed,8676,WR,11,team_11,Tara C.,12,auction_sale,1.1266391568422356,1.0,App modeled market value: 1.1266391568422356; app do-not-exceed: 1; recorded at: 2026-08-30 01:50:48; source: manual. Entered in GDFM app live draft; nominating manager was not recorded,685
gdfm,2026,manual::manual_gdpfm_2026::2026,37,37,Tre Tucker,10213,WR,12,team_12,Ernest C.,18,auction_sale,1.128950971160771,1.0,App modeled market value: 1.128950971160771; app do-not-exceed: 1; recorded at: 2026-08-30 01:53:33; source: manual. Entered in GDFM app live draft; nominating manager was not recorded,686
gdfm,2026,manual::manual_gdpfm_2026::2026,38,38,Jerry Jeudy,6783,WR,3,team_3,Troy L.,6,auction_sale,1.136085513751885,1.0,App modeled market value: 1.136085513751885; app do-not-exceed: 1; recorded at: 2026-08-30 01:54:32; source: manual. Entered in GDFM app live draft; nominating manager was not recorded,687
gdfm,2026,manual::manual_gdpfm_2026::2026,39,39,Jake Ferguson,8110,TE,4,team_4,Ryan M.,8,auction_sale,1.1176035528871335,1.0,App modeled market value: 1.1176035528871335; app do-not-exceed: 1; recorded at: 2026-08-30 01:56:11; source: manual. Entered in GDFM app live draft; nominating manager was not recorded,688
gdfm,2026,manual::manual_gdpfm_2026::2026,40,40,Jacory Croskey-Merritt,12533,RB,2,team_2,Jaylen H.,22,auction_sale,1.0744717666471912,1.0,App modeled market value: 1.0744717666471912; app do-not-exceed: 1; recorded at: 2026-08-30 01:57:47; source: manual. Entered in GDFM app live draft; nominating manager was not recorded,689
gdfm,2026,manual::manual_gdpfm_2026::2026,41,41,Tyler Loop,12711,K,11,team_11,Tara C.,1,auction_sale,1.2886852713678814,1.0,App modeled market value: 1.2886852713678814; app do-not-exceed: 1; recorded at: 2026-08-30 02:01:28; source: manual. Entered in GDFM app live draft; nominating manager was not recorded,690
gdfm,2026,manual::manual_gdpfm_2026::2026,42,42,Brenton Strange,9480,TE,8,team_8,Steve S.,10,auction_sale,1.1229700280359347,1.0,App modeled market value: 1.1229700280359347; app do-not-exceed: 1; recorded at: 2026-08-30 02:03:04; source: manual. Entered in GDFM app live draft; nominating manager was not recorded,691
gdfm,2026,manual::manual_gdpfm_2026::2026,43,43,Caleb Williams,11560,QB,3,team_3,Troy L.,28,auction_sale,52.515750309103474,58.0,App modeled market value: 52.515750309103474; app do-not-exceed: 58; recorded at: 2026-08-30 02:05:08; source: manual. Entered in GDFM app live draft; nominating manager was not recorded,692
gdfm,2026,manual::manual_gdpfm_2026::2026,44,44,Jordan Mason,8408,RB,8,team_8,Steve S.,36,auction_sale,1.0785981104771554,1.0,App modeled market value: 1.0785981104771554; app do-not-exceed: 1; recorded at: 2026-08-30 02:06:51; source: manual. Entered in GDFM app live draft; nominating manager was not recorded,693
gdfm,2026,manual::manual_gdpfm_2026::2026,45,45,Travis Kelce,1466,TE,11,team_11,Tara C.,17,auction_sale,22.533513589290347,21.0,App modeled market value: 22.533513589290347; app do-not-exceed: 21; recorded at: 2026-08-30 02:08:47; source: manual. Entered in GDFM app live draft; nominating manager was not recorded,694
gdfm,2026,manual::manual_gdpfm_2026::2026,46,46,Rachaad White,8136,RB,4,team_4,Ryan M.,2,auction_sale,1.0922464234154863,1.0,App modeled market value: 1.0922464234154863; app do-not-exceed: 1; recorded at: 2026-08-30 02:10:02; source: manual. Entered in GDFM app live draft; nominating manager was not recorded,695
gdfm,2026,manual::manual_gdpfm_2026::2026,47,47,Denver Broncos,DEN,DEF,3,team_3,Troy L.,2,auction_sale,1.276422312357983,1.0,App modeled market value: 1.276422312357983; app do-not-exceed: 1; recorded at: 2026-08-30 02:11:53; source: manual. Entered in GDFM app live draft; nominating manager was not recorded,696
gdfm,2026,manual::manual_gdpfm_2026::2026,48,48,Jakobi Meyers,5947,WR,9,team_9,Allen S.,15,auction_sale,1.1232501134686947,1.0,App modeled market value: 1.1232501134686947; app do-not-exceed: 1; recorded at: 2026-08-30 02:12:49; source: manual. Entered in GDFM app live draft; nominating manager was not recorded,697
gdfm,2026,manual::manual_gdpfm_2026::2026,49,49,Jalen Coker,11646,WR,6,team_6,Justin S.,26,auction_sale,1.1290838382722306,1.0,App modeled market value: 1.1290838382722306; app do-not-exceed: 1; recorded at: 2026-08-30 02:18:54; source: manual. Entered in GDFM app live draft; nominating manager was not recorded,698
gdfm,2026,manual::manual_gdpfm_2026::2026,50,50,Justin Herbert,6797,QB,2,team_2,Jaylen H.,21,auction_sale,42.55988011815305,41.0,App modeled market value: 42.55988011815305; app do-not-exceed: 41; recorded at: 2026-08-30 02:20:11; source: manual. Entered in GDFM app live draft; nominating manager was not recorded,699
gdfm,2026,manual::manual_gdpfm_2026::2026,51,51,Baker Mayfield,4892,QB,6,team_6,Justin S.,10,auction_sale,1.0454533938978983,1.0,App modeled market value: 1.0454533938978983; app do-not-exceed: 1; recorded at: 2026-08-30 02:21:37; source: manual. Entered in GDFM app live draft; nominating manager was not recorded,700
gdfm,2026,manual::manual_gdpfm_2026::2026,52,52,Jonathon Brooks,11583,RB,7,team_7,Mike S.,50,auction_sale,16.020757589151238,14.0,App modeled market value: 16.020757589151238; app do-not-exceed: 14; recorded at: 2026-08-30 02:23:16; source: manual. Entered in GDFM app live draft; nominating manager was not recorded,701
gdfm,2026,manual::manual_gdpfm_2026::2026,53,53,Josh Downs,9500,WR,7,team_7,Mike S.,21,auction_sale,1.1194280284867448,1.0,App modeled market value: 1.1194280284867448; app do-not-exceed: 1; recorded at: 2026-08-30 02:25:09; source: manual. Entered in GDFM app live draft; nominating manager was not recorded,702
gdfm,2026,manual::manual_gdpfm_2026::2026,54,54,Trevor Lawrence,7523,QB,7,team_7,Mike S.,6,auction_sale,36.101439146986394,34.0,App modeled market value: 36.101439146986394; app do-not-exceed: 34; recorded at: 2026-08-30 02:26:40; source: manual. Entered in GDFM app live draft; nominating manager was not recorded,703
gdfm,2026,manual::manual_gdpfm_2026::2026,55,55,Michael Pittman,6819,WR,6,team_6,Justin S.,20,auction_sale,11.671844264031177,11.0,App modeled market value: 11.671844264031177; app do-not-exceed: 11; recorded at: 2026-08-30 02:28:13; source: manual. Entered in GDFM app live draft; nominating manager was not recorded,704
gdfm,2026,manual::manual_gdpfm_2026::2026,56,56,Blake Corum,11586,RB,7,team_7,Mike S.,52,auction_sale,1.0729608664231896,1.0,App modeled market value: 1.0729608664231896; app do-not-exceed: 1; recorded at: 2026-08-30 02:30:06; source: manual. Entered in GDFM app live draft; nominating manager was not recorded,705
gdfm,2026,manual::manual_gdpfm_2026::2026,57,57,Brian Robinson,8154,RB,3,team_3,Troy L.,22,auction_sale,1.0897851925569082,1.0,App modeled market value: 1.0897851925569082; app do-not-exceed: 1; recorded at: 2026-08-30 02:31:43; source: manual. Entered in GDFM app live draft; nominating manager was not recorded,706
gdfm,2026,manual::manual_gdpfm_2026::2026,58,58,Wan'Dale Robinson,8126,WR,11,team_11,Tara C.,17,auction_sale,1.0999562003608052,1.0,App modeled market value: 1.0999562003608052; app do-not-exceed: 1; recorded at: 2026-08-30 02:33:32; source: manual. Entered in GDFM app live draft; nominating manager was not recorded,707
gdfm,2026,manual::manual_gdpfm_2026::2026,59,59,Brock Purdy,8183,QB,11,team_11,Tara C.,7,auction_sale,23.66470074816599,23.0,App modeled market value: 23.66470074816599; app do-not-exceed: 23; recorded at: 2026-08-30 02:34:31; source: manual. Entered in GDFM app live draft; nominating manager was not recorded,708
gdfm,2026,manual::manual_gdpfm_2026::2026,60,60,Jayden Reed,10222,WR,4,team_4,Ryan M.,12,auction_sale,1.1038259639778156,1.0,App modeled market value: 1.1038259639778156; app do-not-exceed: 1; recorded at: 2026-08-30 02:36:02; source: manual. Entered in GDFM app live draft; nominating manager was not recorded,709
gdfm,2026,manual::manual_gdpfm_2026::2026,61,61,Deebo Samuel,5872,WR,11,team_11,Tara C.,25,auction_sale,1.1082497718192188,1.0,App modeled market value: 1.1082497718192188; app do-not-exceed: 1; recorded at: 2026-08-30 02:39:46; source: manual. Entered in GDFM app live draft; nominating manager was not recorded,710
gdfm,2026,manual::manual_gdpfm_2026::2026,62,62,Tyler Shough,12545,QB,2,team_2,Jaylen H.,3,auction_sale,1.0,1.0,App modeled market value: 1.0; app do-not-exceed: 1; recorded at: 2026-08-30 02:42:32; source: manual. Entered in GDFM app live draft; nominating manager was not recorded,711
gdfm,2026,manual::manual_gdpfm_2026::2026,63,63,Hunter Henry,3214,TE,6,team_6,Justin S.,1,auction_sale,1.027017922524803,1.0,App modeled market value: 1.027017922524803; app do-not-exceed: 1; recorded at: 2026-08-30 02:44:52; source: manual. Entered in GDFM app live draft; nominating manager was not recorded,712
gdfm,2026,manual::manual_gdpfm_2026::2026,64,64,Minnesota Vikings,MIN,DEF,11,team_11,Tara C.,1,auction_sale,1.1720581474623588,1.0,App modeled market value: 1.1720581474623588; app do-not-exceed: 1; recorded at: 2026-08-30 02:49:17; source: manual. Entered in GDFM app live draft; nominating manager was not recorded,713
gdfm,2026,manual::manual_gdpfm_2026::2026,65,65,Woody Marks,12474,RB,9,team_9,Allen S.,33,auction_sale,1.0758280756248442,1.0,App modeled market value: 1.0758280756248442; app do-not-exceed: 1; recorded at: 2026-08-30 02:50:35; source: manual. Entered in GDFM app live draft; nominating manager was not recorded,714
gdfm,2026,manual::manual_gdpfm_2026::2026,66,66,Isaiah Likely,8131,TE,12,team_12,Ernest C.,12,auction_sale,1.0137805428315942,1.0,App modeled market value: 1.0137805428315942; app do-not-exceed: 1; recorded at: 2026-08-30 02:52:06; source: manual. Entered in GDFM app live draft; nominating manager was not recorded,715
gdfm,2026,manual::manual_gdpfm_2026::2026,67,67,Sean Tucker,9506,RB,7,team_7,Mike S.,1,auction_sale,1.0852702118573065,1.0,App modeled market value: 1.0852702118573065; app do-not-exceed: 1; recorded at: 2026-08-30 02:53:49; source: manual. Entered in GDFM app live draft; nominating manager was not recorded,716
gdfm,2026,manual::manual_gdpfm_2026::2026,68,68,Keenan Allen,1479,WR,5,team_5,Stephen M.,2,auction_sale,1.103852457186248,1.0,App modeled market value: 1.103852457186248; app do-not-exceed: 1; recorded at: 2026-08-30 02:54:41; source: manual. Entered in GDFM app live draft; nominating manager was not recorded,717
gdfm,2026,manual::manual_gdpfm_2026::2026,69,69,Jayden Higgins,12484,WR,12,team_12,Ernest C.,4,auction_sale,1.0,1.0,App modeled market value: 1.0; app do-not-exceed: 1; recorded at: 2026-08-30 02:56:21; source: manual. Entered in GDFM app live draft; nominating manager was not recorded,718
gdfm,2026,manual::manual_gdpfm_2026::2026,70,70,Los Angeles Rams,LAR,DEF,5,team_5,Stephen M.,8,auction_sale,1.1560450360594092,1.0,App modeled market value: 1.1560450360594092; app do-not-exceed: 1; recorded at: 2026-08-30 02:57:34; source: manual. Entered in GDFM app live draft; nominating manager was not recorded,719
gdfm,2026,manual::manual_gdpfm_2026::2026,71,71,Ray Davis,11575,RB,8,team_8,Steve S.,16,auction_sale,1.084333591656601,1.0,App modeled market value: 1.084333591656601; app do-not-exceed: 1; recorded at: 2026-08-30 02:59:03; source: manual. Entered in GDFM app live draft; nominating manager was not recorded,720
gdfm,2026,manual::manual_gdpfm_2026::2026,72,72,Kayshon Boutte,9504,WR,2,team_2,Jaylen H.,10,auction_sale,1.1000091830401362,1.0,App modeled market value: 1.1000091830401362; app do-not-exceed: 1; recorded at: 2026-08-30 03:01:54; source: manual. Entered in GDFM app live draft; nominating manager was not recorded,721
gdfm,2026,manual::manual_gdpfm_2026::2026,73,73,Jalen McMillan,11618,WR,4,team_4,Ryan M.,6,auction_sale,1.1038504656923276,1.0,App modeled market value: 1.1038504656923276; app do-not-exceed: 1; recorded at: 2026-08-30 03:03:48; source: manual. Entered in GDFM app live draft; nominating manager was not recorded,722
gdfm,2026,manual::manual_gdpfm_2026::2026,74,74,Cameron Dicker,8259,K,6,team_6,Justin S.,1,auction_sale,1.1440672677665202,1.0,App modeled market value: 1.1440672677665202; app do-not-exceed: 1; recorded at: 2026-08-30 03:06:56; source: manual. Entered in GDFM app live draft; nominating manager was not recorded,723
gdfm,2026,manual::manual_gdpfm_2026::2026,75,75,Isiah Pacheco,8205,RB,8,team_8,Steve S.,10,auction_sale,1.0845522583059226,1.0,App modeled market value: 1.0845522583059226; app do-not-exceed: 1; recorded at: 2026-08-30 03:08:03; source: manual. Entered in GDFM app live draft; nominating manager was not recorded,724
gdfm,2026,manual::manual_gdpfm_2026::2026,76,76,Oronde Gadsden,12493,TE,8,team_8,Steve S.,3,auction_sale,1.0167405304448964,1.0,App modeled market value: 1.0167405304448964; app do-not-exceed: 1; recorded at: 2026-08-30 03:09:49; source: manual. Entered in GDFM app live draft; nominating manager was not recorded,725
gdfm,2026,manual::manual_gdpfm_2026::2026,77,77,Elic Ayomanor,12499,WR,8,team_8,Steve S.,1,auction_sale,1.0,1.0,App modeled market value: 1.0; app do-not-exceed: 1; recorded at: 2026-08-30 03:12:31; source: manual. Entered in GDFM app live draft; nominating manager was not recorded,726
gdfm,2026,manual::manual_gdpfm_2026::2026,78,78,Jaydon Blue,12457,RB,2,team_2,Jaylen H.,4,auction_sale,1.0878503869556757,1.0,App modeled market value: 1.0878503869556757; app do-not-exceed: 1; recorded at: 2026-08-30 03:13:31; source: manual. Entered in GDFM app live draft; nominating manager was not recorded,727
gdfm,2026,manual::manual_gdpfm_2026::2026,79,79,Calvin Ridley,4981,WR,4,team_4,Ryan M.,2,auction_sale,1.101838831321751,1.0,App modeled market value: 1.101838831321751; app do-not-exceed: 1; recorded at: 2026-08-30 03:14:42; source: manual. Entered in GDFM app live draft; nominating manager was not recorded,728
gdfm,2026,manual::manual_gdpfm_2026::2026,80,80,De'Zhaun Stribling,13417,WR,6,team_6,Justin S.,53,auction_sale,1.1026533206222175,1.0,App modeled market value: 1.1026533206222175; app do-not-exceed: 1; recorded at: 2026-08-30 03:17:20; source: manual. Entered in GDFM app live draft; nominating manager was not recorded,729
gdfm,2026,manual::manual_gdpfm_2026::2026,81,81,Cooper Kupp,4039,WR,12,team_12,Ernest C.,1,auction_sale,1.1174291116049626,1.0,App modeled market value: 1.1174291116049626; app do-not-exceed: 1; recorded at: 2026-08-30 03:18:35; source: manual. Entered in GDFM app live draft; nominating manager was not recorded,730
gdfm,2026,manual::manual_gdpfm_2026::2026,82,82,Adonai Mitchell,11625,WR,3,team_3,Troy L.,1,auction_sale,1.1177995722556795,1.0,App modeled market value: 1.1177995722556795; app do-not-exceed: 1; recorded at: 2026-08-30 03:19:49; source: manual. Entered in GDFM app live draft; nominating manager was not recorded,731
gdfm,2026,manual::manual_gdpfm_2026::2026,83,83,Terrance Ferguson,12487,TE,9,team_9,Allen S.,2,auction_sale,1.000068431060124,1.0,App modeled market value: 1.000068431060124; app do-not-exceed: 1; recorded at: 2026-08-30 03:20:52; source: manual. Entered in GDFM app live draft; nominating manager was not recorded,732
gdfm,2026,manual::manual_gdpfm_2026::2026,84,84,Jordan Love,6804,QB,6,team_6,Justin S.,7,auction_sale,1.0,1.0,App modeled market value: 1.0; app do-not-exceed: 1; recorded at: 2026-08-30 03:22:48; source: manual. Entered in GDFM app live draft; nominating manager was not recorded,733
gdfm,2026,manual::manual_gdpfm_2026::2026,85,85,Kyler Murray,5849,QB,4,team_4,Ryan M.,12,auction_sale,1.0,1.0,App modeled market value: 1.0; app do-not-exceed: 1; recorded at: 2026-08-30 03:23:43; source: manual. Entered in GDFM app live draft; nominating manager was not recorded,734
gdfm,2026,manual::manual_gdpfm_2026::2026,86,86,Chimere Dike,12540,WR,2,team_2,Jaylen H.,2,auction_sale,1.0,1.0,App modeled market value: 1.0; app do-not-exceed: 1; recorded at: 2026-08-30 03:25:54; source: manual. Entered in GDFM app live draft; nominating manager was not recorded,735
gdfm,2026,manual::manual_gdpfm_2026::2026,87,87,Bo Nix,11563,QB,8,team_8,Steve S.,1,auction_sale,1.0,1.0,App modeled market value: 1.0; app do-not-exceed: 1; recorded at: 2026-08-30 03:28:48; source: manual. Entered in GDFM app live draft; nominating manager was not recorded,736
gdfm,2026,manual::manual_gdpfm_2026::2026,88,88,Jason Myers,2747,K,9,team_9,Allen S.,2,auction_sale,1.1175260730519352,1.0,App modeled market value: 1.1175260730519352; app do-not-exceed: 1; recorded at: 2026-08-30 03:29:50; source: manual. Entered in GDFM app live draft; nominating manager was not recorded,737
gdfm,2026,manual::manual_gdpfm_2026::2026,89,89,Tyjae Spears,9508,RB,4,team_4,Ryan M.,3,auction_sale,1.0689676704471154,1.0,App modeled market value: 1.0689676704471154; app do-not-exceed: 1; recorded at: 2026-08-30 03:32:00; source: manual. Entered in GDFM app live draft; nominating manager was not recorded,738
gdfm,2026,manual::manual_gdpfm_2026::2026,90,90,Caleb Douglas,13296,WR,12,team_12,Ernest C.,5,auction_sale,1.0,1.0,App modeled market value: 1.0; app do-not-exceed: 1; recorded at: 2026-08-30 03:35:30; source: manual. Entered in GDFM app live draft; nominating manager was not recorded,739
gdfm,2026,manual::manual_gdpfm_2026::2026,91,91,Jalen Nailor,8180,WR,3,team_3,Troy L.,3,auction_sale,1.117338442541717,1.0,App modeled market value: 1.117338442541717; app do-not-exceed: 1; recorded at: 2026-08-30 03:36:42; source: manual. Entered in GDFM app live draft; nominating manager was not recorded,740
gdfm,2026,manual::manual_gdpfm_2026::2026,92,92,Xavier Worthy,11624,WR,9,team_9,Allen S.,22,auction_sale,1.1177140688388985,1.0,App modeled market value: 1.1177140688388985; app do-not-exceed: 1; recorded at: 2026-08-30 03:39:09; source: manual. Entered in GDFM app live draft; nominating manager was not recorded,741
gdfm,2026,manual::manual_gdpfm_2026::2026,93,93,T.J. Hockenson,5844,TE,6,team_6,Justin S.,2,auction_sale,1.00104707896276,1.0,App modeled market value: 1.00104707896276; app do-not-exceed: 1; recorded at: 2026-08-30 03:40:02; source: manual. Entered in GDFM app live draft; nominating manager was not recorded,742
gdfm,2026,manual::manual_gdpfm_2026::2026,94,94,Ryan Flournoy,11783,WR,2,team_2,Jaylen H.,1,auction_sale,1.117553368299279,1.0,App modeled market value: 1.117553368299279; app do-not-exceed: 1; recorded at: 2026-08-30 03:40:53; source: manual. Entered in GDFM app live draft; nominating manager was not recorded,743
gdfm,2026,manual::manual_gdpfm_2026::2026,95,95,David Njoku,4033,TE,4,team_4,Ryan M.,2,auction_sale,1.0,1.0,App modeled market value: 1.0; app do-not-exceed: 1; recorded at: 2026-08-30 03:41:39; source: manual. Entered in GDFM app live draft; nominating manager was not recorded,744
gdfm,2026,manual::manual_gdpfm_2026::2026,96,96,Tank Bigsby,9225,RB,3,team_3,Troy L.,15,auction_sale,1.0712488322314304,1.0,App modeled market value: 1.0712488322314304; app do-not-exceed: 1; recorded at: 2026-08-30 03:43:02; source: manual. Entered in GDFM app live draft; nominating manager was not recorded,745
gdfm,2026,manual::manual_gdpfm_2026::2026,97,97,James Conner,4137,RB,5,team_5,Stephen M.,1,auction_sale,1.0759708352340474,1.0,App modeled market value: 1.0759708352340474; app do-not-exceed: 1; recorded at: 2026-08-30 03:43:48; source: manual. Entered in GDFM app live draft; nominating manager was not recorded,746
gdfm,2026,manual::manual_gdpfm_2026::2026,98,98,Malachi Fields,13285,WR,7,team_7,Mike S.,45,auction_sale,1.0,1.0,App modeled market value: 1.0; app do-not-exceed: 1; recorded at: 2026-08-30 03:44:47; source: manual. Entered in GDFM app live draft; nominating manager was not recorded,747
gdfm,2026,manual::manual_gdpfm_2026::2026,99,99,Tank Dell,9502,WR,6,team_6,Justin S.,3,auction_sale,1.1110972560429113,1.0,App modeled market value: 1.1110972560429113; app do-not-exceed: 1; recorded at: 2026-08-30 03:45:35; source: manual. Entered in GDFM app live draft; nominating manager was not recorded,748
gdfm,2026,manual::manual_gdpfm_2026::2026,100,100,Justice Hill,5995,RB,10,team_10,Mike C.,1,auction_sale,1.0,1.0,App modeled market value: 1.0; app do-not-exceed: 1; recorded at: 2026-08-30 03:47:04; source: manual. Entered in GDFM app live draft; nominating manager was not recorded,749
gdfm,2026,manual::manual_gdpfm_2026::2026,101,101,Keaton Mitchell,9511,RB,9,team_9,Allen S.,23,auction_sale,1.0767341621592643,1.0,App modeled market value: 1.0767341621592643; app do-not-exceed: 1; recorded at: 2026-08-30 03:48:28; source: manual. Entered in GDFM app live draft; nominating manager was not recorded,750
gdfm,2026,manual::manual_gdpfm_2026::2026,102,102,Troy Franklin,11627,WR,3,team_3,Troy L.,1,auction_sale,1.0,1.0,App modeled market value: 1.0; app do-not-exceed: 1; recorded at: 2026-08-30 03:50:30; source: manual. Entered in GDFM app live draft; nominating manager was not recorded,751
gdfm,2026,manual::manual_gdpfm_2026::2026,103,103,Keon Coleman,11637,WR,2,team_2,Jaylen H.,1,auction_sale,1.0,1.0,App modeled market value: 1.0; app do-not-exceed: 1; recorded at: 2026-08-30 03:52:10; source: manual. Entered in GDFM app live draft; nominating manager was not recorded,752
gdfm,2026,manual::manual_gdpfm_2026::2026,104,104,Darren Waller,2505,TE,6,team_6,Justin S.,1,auction_sale,1.0,1.0,App modeled market value: 1.0; app do-not-exceed: 1; recorded at: 2026-08-30 03:53:02; source: manual. Entered in GDFM app live draft; nominating manager was not recorded,753
gdfm,2026,manual::manual_gdpfm_2026::2026,105,105,Ronnie Rivers,8195,RB,5,team_5,Stephen M.,1,auction_sale,1.0,1.0,App modeled market value: 1.0; app do-not-exceed: 1; recorded at: 2026-08-30 03:55:06; source: manual. Entered in GDFM app live draft; nominating manager was not recorded,754
gdfm,2026,manual::manual_gdpfm_2026::2026,106,106,Tyquan Thornton,8188,WR,1,team_1,Brandon C.,1,auction_sale,1.0,1.0,App modeled market value: 1.0; app do-not-exceed: 1; recorded at: 2026-08-30 03:56:19; source: manual. Entered in GDFM app live draft; nominating manager was not recorded,755
gdfm,2026,manual::manual_gdpfm_2026::2026,107,107,Ja'Kobi Lane,13293,WR,9,team_9,Allen S.,1,auction_sale,1.0,1.0,App modeled market value: 1.0; app do-not-exceed: 1; recorded at: 2026-08-30 03:58:48; source: manual. Entered in GDFM app live draft; nominating manager was not recorded,756
gdfm,2026,manual::manual_gdpfm_2026::2026,108,108,Tyreek Hill,3321,WR,4,team_4,Ryan M.,1,auction_sale,1.0,1.0,App modeled market value: 1.0; app do-not-exceed: 1; recorded at: 2026-08-30 04:00:47; source: manual. Entered in GDFM app live draft; nominating manager was not recorded,757
gdfm,2026,manual::manual_gdpfm_2026::2026,109,109,Tyler Allgeier,8132,RB,9,team_9,Allen S.,25,auction_sale,1.0868164163499447,1.0,App modeled market value: 1.0868164163499447; app do-not-exceed: 1; recorded at: 2026-08-30 04:01:42; source: manual. Entered in GDFM app live draft; nominating manager was not recorded,758
gdfm,2026,manual::manual_gdpfm_2026::2026,110,110,Dontayvion Wicks,9486,WR,9,team_9,Allen S.,1,auction_sale,1.0937785505717028,1.0,App modeled market value: 1.0937785505717028; app do-not-exceed: 1; recorded at: 2026-08-30 04:02:32; source: manual. Entered in GDFM app live draft; nominating manager was not recorded,759
gdfm,2026,manual::manual_gdpfm_2026::2026,111,111,Malik Washington,11610,WR,3,team_3,Troy L.,13,auction_sale,1.0942840696552791,1.0,App modeled market value: 1.0942840696552791; app do-not-exceed: 1; recorded at: 2026-08-30 04:06:35; source: manual. Entered in GDFM app live draft; nominating manager was not recorded,760
gdfm,2026,manual::manual_gdpfm_2026::2026,112,112,Jaylen Wright,11643,RB,6,team_6,Justin S.,4,auction_sale,1.0,1.0,App modeled market value: 1.0; app do-not-exceed: 1; recorded at: 2026-08-30 04:07:58; source: manual. Entered in GDFM app live draft; nominating manager was not recorded,761
gdfm,2026,manual::manual_gdpfm_2026::2026,113,113,Dean Connors,13315,RB,5,team_5,Stephen M.,1,auction_sale,1.0,1.0,App modeled market value: 1.0; app do-not-exceed: 1; recorded at: 2026-08-30 04:08:52; source: manual. Entered in GDFM app live draft; nominating manager was not recorded,762
gdfm,2026,manual::manual_gdpfm_2026::2026,114,114,Audric Estime,11579,RB,1,team_1,Brandon C.,1,auction_sale,1.0,1.0,App modeled market value: 1.0; app do-not-exceed: 1; recorded at: 2026-08-30 04:10:00; source: manual. Entered in GDFM app live draft; nominating manager was not recorded,763
gdfm,2026,manual::manual_gdpfm_2026::2026,115,115,Jack Bech,12483,WR,8,team_8,Steve S.,1,auction_sale,1.0,1.0,App modeled market value: 1.0; app do-not-exceed: 1; recorded at: 2026-08-30 04:11:19; source: manual. Entered in GDFM app live draft; nominating manager was not recorded,764
gdfm,2026,manual::manual_gdpfm_2026::2026,116,116,Antonio Williams,13301,WR,12,team_12,Ernest C.,19,auction_sale,1.0,1.0,App modeled market value: 1.0; app do-not-exceed: 1; recorded at: 2026-08-30 04:14:54; source: manual. Entered in GDFM app live draft; nominating manager was not recorded,765
gdfm,2026,manual::manual_gdpfm_2026::2026,117,117,Kaelon Black,13414,RB,3,team_3,Troy L.,1,auction_sale,1.0,1.0,App modeled market value: 1.0; app do-not-exceed: 1; recorded at: 2026-08-30 04:15:46; source: manual. Entered in GDFM app live draft; nominating manager was not recorded,766
gdfm,2026,manual::manual_gdpfm_2026::2026,118,118,Chris Rodriguez,10219,RB,10,team_10,Mike C.,1,auction_sale,1.0907552906442008,0.0,App modeled market value: 1.0907552906442008; app do-not-exceed: 0; recorded at: 2026-08-30 04:17:07; source: manual. Entered in GDFM app live draft; nominating manager was not recorded,767
gdfm,2026,manual::manual_gdpfm_2026::2026,119,119,Kimani Vidal,11647,RB,1,team_1,Brandon C.,1,auction_sale,1.0913666937398165,0.0,App modeled market value: 1.0913666937398165; app do-not-exceed: 0; recorded at: 2026-08-30 04:19:48; source: manual. Entered in GDFM app live draft; nominating manager was not recorded,768
gdfm,2026,manual::manual_gdpfm_2026::2026,120,120,Ka'imi Fairbairn,3451,K,7,team_7,Mike S.,1,auction_sale,,,Manually completed after draft; confirmed $1 sale. Original entry: Kiami Fairbairn. App recommendation snapshot unavailable.,769
gdfm,2026,manual::manual_gdpfm_2026::2026,121,121,Ty Johnson,6039,RB,10,team_10,Mike C.,1,auction_sale,,,Manually completed after draft; confirmed $1 sale. Original entry: Ty Johnson. App recommendation snapshot unavailable.,770
gdfm,2026,manual::manual_gdpfm_2026::2026,122,122,Isaac TeSlaa,12535,WR,1,team_1,Brandon C.,1,auction_sale,,,Manually completed after draft; confirmed $1 sale. Original entry: Isaac Teslaa. App recommendation snapshot unavailable.,771
gdfm,2026,manual::manual_gdpfm_2026::2026,123,123,Harrison Mevis,12015,K,10,team_10,Mike C.,1,auction_sale,,,Manually completed after draft; confirmed $1 sale. Original entry: Harrison Mevis. App recommendation snapshot unavailable.,772
gdfm,2026,manual::manual_gdpfm_2026::2026,124,124,Skyler Bell,13402,WR,1,team_1,Brandon C.,1,auction_sale,,,Manually completed after draft; confirmed $1 sale. Original entry: Skyler Bell. App recommendation snapshot unavailable.,773
gdfm,2026,manual::manual_gdpfm_2026::2026,125,125,Pittsburgh Steelers,PIT,DEF,10,team_10,Mike C.,1,auction_sale,,,Manually completed after draft; confirmed $1 sale. Original entry: Pittsburgh. App recommendation snapshot unavailable.,774
gdfm,2026,manual::manual_gdpfm_2026::2026,126,126,Ollie Gordon,12495,RB,1,team_1,Brandon C.,1,auction_sale,,,Manually completed after draft; confirmed $1 sale. Original entry: Ollie Gordon. App recommendation snapshot unavailable.,775
gdfm,2026,manual::manual_gdpfm_2026::2026,127,127,Gunnar Helm,12502,TE,10,team_10,Mike C.,1,auction_sale,,,Manually completed after draft; confirmed $1 sale. Original entry: Gunnar Helm. App recommendation snapshot unavailable.,776
gdfm,2026,manual::manual_gdpfm_2026::2026,128,128,DJ Giddens,12471,RB,1,team_1,Brandon C.,1,auction_sale,,,Manually completed after draft; confirmed $1 sale. Original entry: DJ Giddens. App recommendation snapshot unavailable.,777
gdfm,2026,manual::manual_gdpfm_2026::2026,129,129,Dalton Schultz,5001,TE,10,team_10,Mike C.,1,auction_sale,,,Manually completed after draft; confirmed $1 sale. Original entry: Dalton Schultz. App recommendation snapshot unavailable.,778
gdfm,2026,manual::manual_gdpfm_2026::2026,130,130,Tory Horton,12497,WR,1,team_1,Brandon C.,1,auction_sale,,,Manually completed after draft; confirmed $1 sale. Original entry: Tory Holton. App recommendation snapshot unavailable.,779
gdfm,2026,manual::manual_gdpfm_2026::2026,131,131,Jaydn Ott,13419,RB,10,team_10,Mike C.,1,auction_sale,,,Manually completed after draft; confirmed $1 sale. Original entry: Jadyn Ott. App recommendation snapshot unavailable.,780
gdfm,2026,manual::manual_gdpfm_2026::2026,132,132,Trevor Etienne,12531,RB,1,team_1,Brandon C.,1,auction_sale,,,Manually completed after draft; confirmed $1 sale. Original entry: Trevor Etienne. App recommendation snapshot unavailable.,781
gdfm,2026,manual::manual_gdpfm_2026::2026,133,133,Chris Brooks,11370,RB,8,team_8,Steve S.,1,auction_sale,,,Manually completed after draft; confirmed $1 sale. Original entry: Chris Brooks. App recommendation snapshot unavailable.,782
gdfm,2026,manual::manual_gdpfm_2026::2026,134,134,Zachariah Branch,13320,WR,2,team_2,Jaylen H.,1,auction_sale,,,Manually completed after draft; confirmed $1 sale. Original entry: Zachariah Branch. App recommendation snapshot unavailable.,783
gdfm,2026,manual::manual_gdpfm_2026::2026,135,135,Dylan Sampson,12469,RB,7,team_7,Mike S.,1,auction_sale,,,Manually completed after draft; confirmed $1 sale. Original entry: Dylan Sampson. App recommendation snapshot unavailable.,784
gdfm,2026,manual::manual_gdpfm_2026::2026,136,136,Jacksonville Jaguars,JAX,DEF,7,team_7,Mike S.,1,auction_sale,,,Manually completed after draft; confirmed $1 sale. Original entry: Jacksonville. App recommendation snapshot unavailable.,785
